TAG,Species,QUAD,Hectare,XCO,YCO,Year,DBH,Size Class,Size Class by Inch,Status,Age,Age Class,Density,AGB,Carbon,Basal Area,Dom,RFre,RDom,RDen,IV,Growth,Growth rate,Height,LifeSpan
2323,DACRR1,1,1,9.7,10.9,2019,20.0,Understory,6-11,Alive,55,Intermediate,22.0,"15,250.96",0.72,0.18,0.09,"4,400.00",8.86,"2,200.00","6,608.86",-0.2,-0.1,24.2,0
2324,KOOMMA,1,1,10.7,11.6,2019,99.3,Emergent,>24,Alive,71,Mature,4.5,"859,724",40.41,0.88,0.44,900.00,44.0,450.00,"1,394.00",0.3,0.15,46.7,7
2325,SHORL1,1,1,3.9,10.8,2019,26.0,Understory,6-11,Alive,16,Young,9.0,"14,701.05",0.69,0.23,0.12,"1,800.00",11.52,900.00,"2,711.52",1.1,0.55,28.1,0
2330B,ARTOIS,1,1,19.5,12.2,2019,14.6,Understory,6-11,Alive,7,Young,3.5,896.51,0.04,0.13,0.06,700.00,6.47,350.00,"1,056.47",0.4,0.2,19.7,6
2331,ALANRI,1,1,19.0,11.2,2019,16.5,Understory,6-11,Alive,53,Intermediate,8.0,"3,004.91",0.14,0.15,0.07,"1,600.00",7.31,800.00,"2,407.31",-0.1,-0.05,21.4,9
2331B,SHORP2,1,1,18.6,19.0,2019,12.9,Understory,1-5,Alive,4,Young,11.5,"2,010.57",0.09,0.11,0.06,"2,300.00",5.72,"1,150.00","3,455.72",0.1,0.05,18.1,0
2332,DIPTC1,1,1,19.7,10.6,2019,30.3,Canopy,12-17,Alive,56,Intermediate,13.5,"36,772.39",1.73,0.27,0.13,"2,700.00",13.43,"1,350.00","4,063.43",1.6,0.8,30.4,6
2335,EUGEFL,1,1,14.3,6.4,2019,40.3,Canopy,12-17,Alive,54,Intermediate,1.0,"7,223.37",0.34,0.36,0.18,200.00,17.86,100.00,317.86,0.5,0.25,34.7,0
2335B,APORBR,1,1,16.0,8.0,2019,14.4,Understory,6-11,Alive,7,Young,5.0,"1,227.04",0.06,0.13,0.06,"1,000.00",6.38,500.00,"1,506.38",0.9,0.45,19.6,0
2337,DIPTC1,1,1,15.7,0.7,2019,34.1,Canopy,12-17,Alive,55,Intermediate,13.5,"54,884.60",2.58,0.3,0.15,"2,700.00",15.11,"1,350.00","4,065.11",1.3,0.65,32.2,6
2339A,ARCHDI,1,1,8.5,1.2,2019,18.7,Understory,6-11,Alive,35,Intermediate,0.5,279.39,0.01,0.17,0.08,100.00,8.29,50.00,158.29,0.2,0.1,23.2,0
2342,SHORM1,2,1,32.3,2.8,2019,62.6,Emergent,>24,Alive,65,Mature,21.0,"724,168.22",34.04,0.55,0.28,"4,200.00",27.74,"2,100.00","6,327.74",0.9,0.45,41.0,10
2343A,SANTAP,2,1,31.0,1.2,2019,12.9,Understory,1-5,Alive,7,Young,2.0,349.66,0.02,0.11,0.06,400.00,5.72,200.00,605.72,0.2,0.1,18.1,0
2346,CLE1SU,2,1,33.7,2.0,2019,16.1,Understory,6-11,Alive,52,Intermediate,4.5,"1,564.65",0.07,0.14,0.07,900.00,7.13,450.00,"1,357.13",0.0,0.0,21.1,0
2348,DACRR1,2,1,29.7,8.9,2019,14.2,Understory,6-11,Alive,52,Intermediate,22.0,"5,169.89",0.24,0.13,0.06,"4,400.00",6.29,"2,200.00","6,606.29",0.3,0.15,19.4,0
2349,DACRR1,2,1,22.5,6.6,2019,17.1,Understory,6-11,Alive,55,Intermediate,22.0,"9,250.03",0.43,0.15,0.08,"4,400.00",7.58,"2,200.00","6,607.58",0.0,0.0,21.9,0
2349B,APORBR,2,1,24.1,7.1,2019,12.3,Understory,1-5,Alive,7,Young,5.0,755.81,0.04,0.11,0.05,"1,000.00",5.45,500.00,"1,505.45",0.3,0.15,17.5,0
2350,ARTOIS,2,1,21.1,8.6,2019,34.2,Canopy,12-17,Alive,61,Mature,3.5,"14,372.19",0.68,0.3,0.15,700.00,15.15,350.00,"1,065.15",-0.2,-0.1,32.2,6
2355,CHISTO,2,1,34.0,19.5,2019,13.9,Understory,1-5,Alive,52,Intermediate,1.5,329.96,0.02,0.12,0.06,300.00,6.16,150.00,456.16,0.4,0.2,19.1,0
2361,POMEPA,2,1,37.4,8.1,2019,48.9,Canopy,18-23,Alive,63,Mature,3.0,"42,688.17",2.01,0.43,0.22,600.00,21.67,300.00,921.67,1.8,0.9,37.6,0
2361A,PIMEGR,2,1,38.2,9.6,2019,15.0,Understory,6-11,Alive,4,Young,10.5,"2,925.55",0.14,0.13,0.07,"2,100.00",6.65,"1,050.00","3,156.65",0.4,0.2,20.1,0
2367,CLE1SU,3,1,45.0,2.7,2019,23.2,Understory,6-11,Alive,57,Intermediate,4.5,"5,050.62",0.24,0.21,0.1,900.00,10.28,450.00,"1,360.28",-0.1,-0.05,26.4,0
2367C,CYNOMA,3,1,42.5,4.2,2019,13.6,Understory,1-5,Alive,7,Young,5.0,"1,028.25",0.05,0.12,0.06,"1,000.00",6.03,500.00,"1,506.03",-0.6,-0.3,18.8,0
2369B,DIALPL,3,1,44.7,11.4,2019,25.9,Understory,6-11,Alive,35,Intermediate,1.0,"1,612.73",0.08,0.23,0.11,200.00,11.48,100.00,311.48,0.8,0.4,28.0,0
2375,CLE1SU,3,1,48.0,15.0,2019,12.4,Understory,1-5,Alive,35,Intermediate,4.5,697.22,0.03,0.11,0.05,900.00,5.49,450.00,"1,355.49",0.8,0.4,17.6,0
2376,IXONIC,3,1,48.9,13.7,2019,38.8,Canopy,12-17,Alive,58,Intermediate,10.5,"66,507.27",3.13,0.34,0.17,"2,100.00",17.19,"1,050.00","3,167.19",0.7,0.35,34.2,0
2376A,EUGEIN,3,1,52.3,11.4,2019,25.8,Understory,6-11,Alive,48,Intermediate,0.5,796.10,0.04,0.23,0.11,100.00,11.43,50.00,161.43,0.1,0.05,28.0,0
2377A,BUCHSE,3,1,49.0,12.0,2019,18.5,Understory,6-11,Alive,28,Intermediate,6.5,"3,509.46",0.16,0.16,0.08,"1,300.00",8.2,650.00,"1,958.20",0.5,0.25,23.0,0
2378,SAR1GR,3,1,55.6,16.1,2019,112.4,Emergent,>24,Alive,82,Mature,5.0,"1,532,672.32",72.04,1.0,0.5,"1,000.00",49.8,500.00,"1,549.80",0.5,0.25,48.0,9
2378A,RYPAKU,3,1,56.2,17.0,2019,16.0,Understory,6-11,Alive,7,Young,11.0,"3,750.58",0.18,0.14,0.07,"2,200.00",7.09,"1,100.00","3,307.09",0.2,0.1,21.0,0
2379A,PORTAN,3,1,58.8,11.4,2019,22.2,Understory,6-11,Alive,35,Intermediate,11.5,"11,177.71",0.53,0.2,0.1,"2,300.00",9.84,"1,150.00","3,459.84",0.4,0.2,25.7,0
2382,BEILL1,3,1,55.2,2.2,2019,15.5,Understory,6-11,Alive,53,Intermediate,0.5,154.33,0.01,0.14,0.07,100.00,6.87,50.00,156.87,0.0,0.0,20.6,6
2383,DIPTC1,4,1,63.4,0.4,2019,70.5,Emergent,>24,Alive,66,Mature,13.5,"718,317.99",33.76,0.62,0.31,"2,700.00",31.24,"1,350.00","4,081.24",1.3,0.65,42.6,6
2385,ALPHEL,4,1,61.8,3.3,2019,19.5,Understory,6-11,Alive,53,Intermediate,3.5,"2,236.60",0.11,0.17,0.09,700.00,8.64,350.00,"1,058.64",0.1,0.05,23.8,0
2389B,GREWMI,4,1,71.6,6.5,2019,16.8,Understory,6-11,Alive,7,Young,6.0,"2,385.48",0.11,0.15,0.07,"1,200.00",7.44,600.00,"1,807.44",0.0,0.0,21.7,0
2389D,SHOROV,4,1,74.2,3.5,2019,44.3,Canopy,12-17,Alive,7,Young,2.0,"20,095.58",0.94,0.39,0.2,400.00,19.63,200.00,619.63,1.7,0.85,36.1,0
2391,APORPR,4,1,69.4,7.2,2019,11.6,Understory,1-5,Alive,52,Intermediate,3.5,442.86,0.02,0.1,0.05,700.00,5.14,350.00,"1,055.14",-0.1,-0.05,16.8,0
2391A,DACRRI,4,1,71.0,7.6,2019,21.6,Understory,6-11,Alive,26,Intermediate,0.5,444.55,0.02,0.19,0.1,100.00,9.57,50.00,159.57,1.0,0.5,25.3,7
2395A,SHORL1,4,1,68.7,18.9,2019,40.0,Canopy,12-17,Alive,48,Intermediate,9.0,"63,346.74",2.98,0.35,0.18,"1,800.00",17.72,900.00,"2,717.72",1.6,0.8,34.6,0
2395C,ARCHDU,4,1,67.8,16.1,2019,14.0,Understory,6-11,Alive,7,Young,0.5,112.45,0.01,0.12,0.06,100.00,6.2,50.00,156.20,0.6,0.3,19.2,0
2398,DIOSS1,4,1,61.1,17.2,2019,17.3,Understory,6-11,Alive,52,Intermediate,0.5,218.11,0.01,0.15,0.08,100.00,7.67,50.00,157.67,0.3,0.15,22.1,5
2407,LITHEW,4,1,79.3,7.0,2019,21.0,Understory,6-11,Alive,53,Intermediate,3.0,"2,434.49",0.11,0.19,0.09,600.00,9.31,300.00,909.31,-0.1,-0.05,24.9,0
2408,CLE1SU,4,1,77.9,4.6,2019,21.8,Understory,6-11,Alive,53,Intermediate,4.5,"4,122.61",0.19,0.19,0.1,900.00,9.66,450.00,"1,359.66",0.6,0.3,25.4,0
2410A,ALANEB,4,1,79.2,1.0,2019,12.6,Understory,1-5,Alive,7,Young,4.5,732.11,0.03,0.11,0.06,900.00,5.58,450.00,"1,355.58",-0.1,-0.05,17.8,5
2416,DIOSAP,5,1,81.0,5.4,2019,18.2,Understory,6-11,Alive,52,Intermediate,3.5,"1,793.71",0.08,0.16,0.08,700.00,8.06,350.00,"1,058.06",-0.9,-0.45,22.8,8
2423,OCHAAM,5,1,95.6,17.4,2019,19.7,Understory,6-11,Alive,54,Intermediate,10.0,"6,603.25",0.31,0.17,0.09,"2,000.00",8.73,"1,000.00","3,008.73",0.2,0.1,23.9,0
2423A,MACALO,5,1,95.0,18.2,2019,14.9,Understory,6-11,Alive,26,Intermediate,17.0,"4,638.90",0.22,0.13,0.07,"3,400.00",6.6,"1,700.00","5,106.60",0.6,0.3,20.0,0
2426,DACRR2,5,1,98.1,16.3,2019,14.9,Understory,6-11,Alive,52,Intermediate,2.0,545.75,0.03,0.13,0.07,400.00,6.6,200.00,606.60,0.0,0.0,20.0,15
2427,SHORP2,5,1,99.1,19.4,2019,47.0,Canopy,18-23,Alive,28,Intermediate,11.5,"142,260.14",6.69,0.42,0.21,"2,300.00",20.83,"1,150.00","3,470.83",1.3,0.65,37.0,0
2427A,DILLSU,5,1,90.0,19.0,2019,13.6,Understory,1-5,Alive,28,Intermediate,2.0,411.30,0.02,0.12,0.06,400.00,6.03,200.00,606.03,1.1,0.55,18.8,0
2430,SHORP2,5,1,97.4,2.1,2019,43.6,Canopy,12-17,Alive,57,Intermediate,11.5,"109,281.65",5.14,0.39,0.19,"2,300.00",19.32,"1,150.00","3,469.32",1.3,0.65,35.9,0
2431,RYPAAC,5,1,93.7,4.3,2019,32.1,Canopy,12-17,Alive,56,Intermediate,2.0,"6,620.64",0.31,0.28,0.14,400.00,14.22,200.00,614.22,-0.3,-0.15,31.3,0
2441A,XANTRU,6,1,80.8,28.2,2019,14.5,Understory,6-11,Alive,7,Young,4.0,"1,002.94",0.05,0.13,0.06,800.00,6.42,400.00,"1,206.42",0.0,0.0,19.7,6
2441C,CROTLA,6,1,81.6,28.0,2019,12.5,Understory,1-5,Alive,4,Young,11.0,"1,746.59",0.08,0.11,0.06,"2,200.00",5.54,"1,100.00","3,305.54",0.7,0.35,17.7,5
2445A,MACAHY,6,1,89.3,31.0,2019,16.8,Understory,6-11,Alive,7,Young,1.0,397.58,0.02,0.15,0.07,200.00,7.44,100.00,307.44,1.3,0.65,21.7,10
2451,XANTEU,6,1,82.4,35.7,2019,17.7,Understory,6-11,Alive,54,Intermediate,16.0,"7,504.44",0.35,0.16,0.08,"3,200.00",7.84,"1,600.00","4,807.84",0.1,0.05,22.4,15
2453,PAR1OB,6,1,85.1,39.4,2019,26.5,Understory,6-11,Alive,54,Intermediate,1.5,"2,609.99",0.12,0.23,0.12,300.00,11.74,150.00,461.74,0.9,0.45,28.4,7
2453A,ARDICO,6,1,86.0,39.0,2019,15.2,Understory,6-11,Alive,7,Young,1.5,435.56,0.02,0.13,0.07,300.00,6.74,150.00,456.74,0.5,0.25,20.3,16
2454B,NEOBHE,6,1,93.0,36.6,2019,17.4,Understory,6-11,Alive,7,Young,5.0,"2,221.32",0.1,0.15,0.08,"1,000.00",7.71,500.00,"1,507.71",1.1,0.55,22.2,0
2456,NEOBHE,6,1,81.7,39.0,2019,54.1,Canopy,18-23,Alive,60,Mature,5.0,"101,930.52",4.79,0.48,0.24,"1,000.00",23.97,500.00,"1,523.97",1.0,0.5,39.0,0
2465,SANTLA,6,1,93.6,29.9,2019,18.5,Understory,6-11,Alive,7,Young,9.0,"4,859.26",0.23,0.16,0.08,"1,800.00",8.2,900.00,"2,708.20",0.5,0.25,23.0,4
2467,SANTLA,6,1,98.9,23.6,2019,40.4,Canopy,12-17,Alive,59,Intermediate,9.0,"65,571.93",3.08,0.36,0.18,"1,800.00",17.9,900.00,"2,717.90",1.9,0.95,34.8,4
2469,SANTLA,6,1,98.2,20.3,2019,28.7,Understory,6-11,Alive,59,Intermediate,9.0,"20,431.24",0.96,0.25,0.13,"1,800.00",12.72,900.00,"2,712.72",1.1,0.55,29.6,4
2474,BOUEOP,7,1,62.9,22.2,2019,18.1,Understory,6-11,Alive,56,Intermediate,1.0,503.57,0.02,0.16,0.08,200.00,8.02,100.00,308.02,-8.1,-4.05,22.7,0
2478,SHORM2,7,1,62.6,27.0,2019,35.2,Canopy,12-17,Alive,55,Intermediate,14.0,"63,438.36",2.98,0.31,0.16,"2,800.00",15.6,"1,400.00","4,215.60",1.1,0.55,32.7,0
2487,ARTOIS,7,1,68.3,38.9,2019,30.3,Canopy,12-17,Alive,58,Intermediate,3.5,"9,533.58",0.45,0.27,0.13,700.00,13.43,350.00,"1,063.43",0.1,0.05,30.4,6
2496,EUGEKO,7,1,74.6,26.7,2019,31.1,Canopy,12-17,Alive,54,Intermediate,0.5,"1,487.08",0.07,0.28,0.14,100.00,13.78,50.00,163.78,0.6,0.3,30.8,0
2496A,EUGETU,7,1,71.8,27.4,2019,20.5,Understory,6-11,Alive,7,Young,1.0,750.67,0.04,0.18,0.09,200.00,9.08,100.00,309.08,1.6,0.8,24.5,8
2498A,NEPHCO,7,1,78.0,21.0,2019,19.6,Understory,6-11,Alive,35,Intermediate,2.5,"1,624.03",0.08,0.17,0.09,500.00,8.68,250.00,758.68,0.3,0.15,23.9,0
2498B,SANTLA,7,1,79.5,20.4,2019,20.1,Understory,6-11,Alive,7,Young,9.0,"6,340.06",0.3,0.18,0.09,"1,800.00",8.91,900.00,"2,708.91",2.2,1.1,24.2,4
2500,SHORP1,8,1,47.1,23.6,2019,42.9,Canopy,12-17,Alive,65,Mature,12.0,"107,760.07",5.06,0.38,0.19,"2,400.00",19.01,"1,200.00","3,619.01",0.4,0.2,35.7,0
2501,DIOSAP,8,1,44.6,26.3,2019,28.1,Understory,6-11,Alive,56,Intermediate,3.5,"7,403.30",0.35,0.25,0.12,700.00,12.45,350.00,"1,062.45",2.0,1.0,29.3,8
2504C,PIMEGR,8,1,40.8,34.8,2019,25.3,Understory,6-11,Alive,35,Intermediate,10.5,"15,670.24",0.74,0.22,0.11,"2,100.00",11.21,"1,050.00","3,161.21",0.1,0.05,27.7,0
2506B,CROTLA,8,1,47.2,38.5,2019,13.5,Understory,1-5,Alive,7,Young,11.0,"2,211.31",0.1,0.12,0.06,"2,200.00",5.98,"1,100.00","3,305.98",0.3,0.15,18.7,5
2507A,SHORL1,8,1,48.8,38.5,2019,26.8,Understory,6-11,Alive,7,Young,9.0,"16,256.73",0.76,0.24,0.12,"1,800.00",11.88,900.00,"2,711.88",2.9,1.45,28.5,0
2515,KOOMMA,8,1,56.7,36.4,2019,65.2,Emergent,>24,Alive,73,Mature,4.5,"179,921.19",8.46,0.58,0.29,900.00,28.89,450.00,"1,378.89",1.5,0.75,41.6,7
2515A,SHORL1,8,1,54.5,22.5,2019,17.2,Understory,6-11,Alive,7,Young,9.0,"3,854.59",0.18,0.15,0.08,"1,800.00",7.62,900.00,"2,707.62",4.8,2.4,22.0,0
2516A,SHORP1,8,1,56.2,28.4,2019,13.7,Understory,1-5,Alive,4,Young,12.0,"2,524.19",0.12,0.12,0.06,"2,400.00",6.07,"1,200.00","3,606.07",1.8,0.9,18.9,0
2522,SHORL1,9,1,26.0,24.7,2019,49.7,Canopy,18-23,Alive,54,Intermediate,9.0,"135,642.50",6.38,0.44,0.22,"1,800.00",22.02,900.00,"2,722.02",2.2,1.1,37.8,0
2523,CYNOMA,9,1,25.5,27.9,2019,23.8,Understory,6-11,Alive,52,Intermediate,5.0,"6,101.65",0.29,0.21,0.11,"1,000.00",10.55,500.00,"1,510.55",0.2,0.1,26.7,0
2525,RYPAKU,9,1,21.5,32.9,2019,17.7,Understory,6-11,Alive,54,Intermediate,11.0,"5,159.30",0.24,0.16,0.08,"2,200.00",7.84,"1,100.00","3,307.84",0.2,0.1,22.4,0
2531,MANGQU,9,1,35.8,38.7,2019,34.5,Canopy,12-17,Alive,55,Intermediate,7.0,"29,614.20",1.39,0.31,0.15,"1,400.00",15.29,700.00,"2,115.29",0.5,0.25,32.4,0
2532,ELAENI,9,1,36.8,33.4,2019,40.6,Canopy,12-17,Alive,56,Intermediate,1.5,"11,117.67",0.52,0.36,0.18,300.00,17.99,150.00,467.99,0.3,0.15,34.8,0
2532D,SANTLA,9,1,36.0,30.5,2019,12.8,Understory,1-5,Alive,7,Young,9.0,"1,536.44",0.07,0.11,0.06,"1,800.00",5.67,900.00,"2,705.67",0.0,0.0,18.0,4
2541,NEOSKI,10,1,1.8,35.1,2019,33.0,Canopy,12-17,Alive,58,Intermediate,6.5,"23,634.29",1.11,0.29,0.15,"1,300.00",14.62,650.00,"1,964.62",0.0,0.0,31.7,0
2547,QUERAR,10,1,10.3,39.6,2019,69.6,Emergent,>24,Alive,58,Intermediate,4.5,"228,415.99",10.74,0.62,0.31,900.00,30.84,450.00,"1,380.84",62.7,31.35,42.4,0
2549,DACRR1,10,1,12.7,33.1,2019,18.4,Understory,6-11,Alive,53,Intermediate,22.0,"11,674.51",0.55,0.16,0.08,"4,400.00",8.15,"2,200.00","6,608.15",0.3,0.15,23.0,0
2552,MESUGR,10,1,19.5,33.6,2019,38.9,Canopy,12-17,Alive,58,Intermediate,1.5,"9,585.97",0.45,0.34,0.17,300.00,17.24,150.00,467.24,0.2,0.1,34.2,0
2554,GANUSN,10,1,19.8,38.7,2019,14.9,Understory,6-11,Alive,48,Intermediate,4.0,"1,091.51",0.05,0.13,0.07,800.00,6.6,400.00,"1,206.60",-0.1,-0.05,20.0,0
2555,ARTORI,10,1,13.1,28.8,2019,29.2,Understory,6-11,Alive,55,Intermediate,1.5,"3,608.18",0.17,0.26,0.13,300.00,12.94,150.00,462.94,0.8,0.4,29.8,11
2559,POMEPA,10,1,14.1,26.0,2019,52.1,Canopy,18-23,Alive,64,Mature,3.0,"53,464.48",2.51,0.46,0.23,600.00,23.09,300.00,923.09,1.2,0.6,38.5,0
2563,SHORAC,10,1,14.6,21.5,2019,45.8,Canopy,18-23,Alive,53,Intermediate,8.5,"95,996.55",4.51,0.41,0.2,"1,700.00",20.29,850.00,"2,570.29",0.8,0.4,36.6,0
2566,MACALO,11,1,7.1,40.3,2019,15.9,Understory,6-11,Alive,53,Intermediate,17.0,"5,683.39",0.27,0.14,0.07,"3,400.00",7.05,"1,700.00","5,107.05",0.0,0.0,20.9,0
2569,BOUEMA,11,1,10.5,46.0,2019,36.2,Canopy,12-17,Alive,59,Intermediate,2.0,"9,975.81",0.47,0.32,0.16,400.00,16.04,200.00,616.04,0.4,0.2,33.1,14
2572,DRYPLO,11,1,0.4,45.0,2019,14.0,Understory,6-11,Alive,54,Intermediate,8.5,"1,911.67",0.09,0.12,0.06,"1,700.00",6.2,850.00,"2,556.20",0.3,0.15,19.2,0
2572A,ARTORI,11,1,3.0,43.8,2019,12.0,Understory,1-5,Alive,35,Intermediate,1.5,210.34,0.01,0.11,0.05,300.00,5.32,150.00,455.32,-4.0,-2.0,17.2,11
2572D,IXONIC,11,1,3.7,40.4,2019,23.7,Understory,6-11,Alive,35,Intermediate,10.5,"12,637.64",0.59,0.21,0.11,"2,100.00",10.5,"1,050.00","3,160.50",1.2,0.6,26.7,0
2574,DIALPA,11,1,5.1,57.3,2019,17.5,Understory,6-11,Alive,54,Intermediate,0.5,226.21,0.01,0.16,0.08,100.00,7.75,50.00,157.75,0.1,0.05,22.2,7
2575,EUGEFI,11,1,3.3,55.3,2019,21.2,Understory,6-11,Alive,53,Intermediate,2.5,"2,091.99",0.1,0.19,0.09,500.00,9.39,250.00,759.39,0.4,0.2,25.0,0
2575A,SHORP1,11,1,1.2,56.2,2019,30.5,Canopy,12-17,Alive,28,Intermediate,12.0,"33,419.29",1.57,0.27,0.14,"2,400.00",13.51,"1,200.00","3,613.51",1.4,0.7,30.5,0
2589A,ARCHCL,11,1,15.5,51.0,2019,12.7,Understory,1-5,Alive,7,Young,0.5,83.33,0.0,0.11,0.06,100.00,5.63,50.00,155.63,-0.1,-0.05,17.9,0
2590,PEN1MO,11,1,16.5,48.7,2019,67.2,Emergent,>24,Alive,68,Mature,4.0,"178,566.09",8.39,0.6,0.3,800.00,29.78,400.00,"1,229.78",0.4,0.2,42.0,0
2591,KIBAAR,11,1,19.5,46.4,2019,17.5,Understory,6-11,Alive,53,Intermediate,2.5,"1,131.03",0.05,0.16,0.08,500.00,7.75,250.00,757.75,0.1,0.05,22.2,0
2593A,PIMEGR,11,1,14.4,41.3,2019,24.4,Understory,6-11,Alive,48,Intermediate,10.5,"13,906.05",0.65,0.22,0.11,"2,100.00",10.81,"1,050.00","3,160.81",0.3,0.15,27.1,0
2594,RYPAAC,12,1,23.6,42.0,2019,17.4,Understory,6-11,Alive,53,Intermediate,2.0,888.53,0.04,0.15,0.08,400.00,7.71,200.00,607.71,0.3,0.15,22.2,0
2596,SHORM2,12,1,27.4,42.4,2019,18.8,Understory,6-11,Alive,54,Intermediate,14.0,"7,957.47",0.37,0.17,0.08,"2,800.00",8.33,"1,400.00","4,208.33",0.3,0.15,23.3,0
2601,ANI1LA,12,1,23.4,46.2,2019,21.7,Understory,6-11,Alive,54,Intermediate,5.5,"4,964.02",0.23,0.19,0.1,"1,100.00",9.62,550.00,"1,659.62",0.2,0.1,25.4,0
2603,ANI1LA,12,1,25.3,51.9,2019,33.2,Canopy,12-17,Alive,56,Intermediate,5.5,"20,413.35",0.96,0.29,0.15,"1,100.00",14.71,550.00,"1,664.71",1.0,0.5,31.8,0
2604A,TRIOMA,12,1,25.8,55.2,2019,19.3,Understory,6-11,Alive,7,Young,1.0,618.23,0.03,0.17,0.09,200.00,8.55,100.00,308.55,1.5,0.75,23.6,27
2610A,KNEMLA,12,1,37.6,58.7,2019,11.4,Understory,1-5,Alive,4,Young,4.0,480.21,0.02,0.1,0.05,800.00,5.05,400.00,"1,205.05",-0.1,-0.05,16.6,0
2612,SANDKO,12,1,34.3,49.2,2019,22.9,Understory,6-11,Alive,54,Intermediate,4.0,"4,302.34",0.2,0.2,0.1,800.00,10.15,400.00,"1,210.15",0.2,0.1,26.2,2
2614,MEL1AU,12,1,35.2,47.0,2019,28.4,Understory,6-11,Alive,57,Intermediate,0.5,"1,095.84",0.05,0.25,0.13,100.00,12.58,50.00,162.58,-0.4,-0.2,29.4,0
2615,BEILKU,12,1,34.7,45.9,2019,15.2,Understory,6-11,Alive,55,Intermediate,0.5,145.19,0.01,0.13,0.07,100.00,6.74,50.00,156.74,0.5,0.25,20.3,0
2617,ALANRI,12,1,31.6,49.8,2019,24.2,Understory,6-11,Alive,55,Intermediate,8.0,"10,312.07",0.48,0.21,0.11,"1,600.00",10.72,800.00,"2,410.72",0.5,0.25,27.0,9
2618,CANALR,12,1,30.9,43.5,2019,22.8,Understory,6-11,Alive,56,Intermediate,4.0,"4,241.26",0.2,0.2,0.1,800.00,10.1,400.00,"1,210.10",0.5,0.25,26.1,0
2632A,ARCHBU,13,1,44.5,54.2,2019,17.5,Understory,6-11,Alive,7,Young,11.5,"5,202.73",0.24,0.16,0.08,"2,300.00",7.75,"1,150.00","3,457.75",1.1,0.55,22.2,0
2632C,AIDIWA,13,1,42.0,51.5,2019,28.1,Understory,6-11,Alive,7,Young,0.5,"1,057.61",0.05,0.25,0.12,100.00,12.45,50.00,162.45,3.2,1.6,29.3,8
2634,SANTAP,13,1,42.0,59.4,2019,19.7,Understory,6-11,Alive,53,Intermediate,2.0,"1,320.65",0.06,0.17,0.09,400.00,8.73,200.00,608.73,-0.2,-0.1,23.9,0
2635A,SHORAC,13,1,44.8,58.3,2019,43.9,Canopy,12-17,Alive,35,Intermediate,8.5,"82,735.38",3.89,0.39,0.19,"1,700.00",19.45,850.00,"2,569.45",2.1,1.05,36.0,0
2636A,SHORL1,13,1,54.1,56.3,2019,21.3,Understory,6-11,Alive,7,Young,9.0,"7,646.93",0.36,0.19,0.09,"1,800.00",9.44,900.00,"2,709.44",3.3,1.65,25.1,0
2643B,SAPIBA,14,1,62.6,50.2,2019,23.1,Understory,6-11,Alive,7,Young,1.0,"1,106.61",0.05,0.2,0.1,200.00,10.24,100.00,310.24,2.0,1.0,26.3,0
2648A,SANDKO,14,1,72.7,48.2,2019,17.4,Understory,6-11,Alive,48,Intermediate,4.0,"1,777.06",0.08,0.15,0.08,800.00,7.71,400.00,"1,207.71",15.9,7.95,22.2,2
2648C,GYNOAX,14,1,66.5,47.5,2019,32.1,Canopy,12-17,Alive,35,Intermediate,1.0,"3,310.32",0.16,0.28,0.14,200.00,14.22,100.00,314.22,1.0,0.5,31.3,10
2648D,BEILDI,14,1,67.2,50.0,2019,13.0,Understory,1-5,Alive,7,Young,5.0,895.09,0.04,0.12,0.06,"1,000.00",5.76,500.00,"1,505.76",-0.2,-0.1,18.2,6
2649,GLUTM2,14,1,73.4,52.3,2019,64.2,Emergent,>24,Alive,58,Intermediate,1.0,"37,795.19",1.78,0.57,0.28,200.00,28.45,100.00,328.45,1.0,0.5,41.4,5
2649A,RYPAKU,14,1,72.6,50.5,2019,16.4,Understory,6-11,Alive,35,Intermediate,11.0,"4,053.39",0.19,0.15,0.07,"2,200.00",7.27,"1,100.00","3,307.27",-0.3,-0.15,21.3,0
2650,ORMOPE,14,1,75.5,48.4,2019,68.4,Emergent,>24,Alive,63,Mature,0.5,"23,813.17",1.12,0.61,0.3,100.00,30.31,50.00,180.31,1.2,0.6,42.2,0
2653,PAROVA,14,1,78.8,57.8,2019,21.4,Understory,6-11,Alive,53,Intermediate,3.5,"3,019.33",0.14,0.19,0.09,700.00,9.48,350.00,"1,059.48",0.2,0.1,25.2,6
2657,MANGQU,14,1,76.7,44.2,2019,15.2,Understory,6-11,Alive,48,Intermediate,7.0,"2,032.63",0.1,0.13,0.07,"1,400.00",6.74,700.00,"2,106.74",0.0,0.0,20.3,0
2657D,POL1HY,14,1,72.6,40.5,2019,26.5,Understory,6-11,Alive,7,Young,3.0,"5,219.97",0.25,0.23,0.12,600.00,11.74,300.00,911.74,0.6,0.3,28.4,0
2662,VATIBE,15,1,85.8,45.0,2019,15.3,Understory,6-11,Alive,53,Intermediate,5.5,"1,630.11",0.08,0.14,0.07,"1,100.00",6.78,550.00,"1,656.78",0.0,0.0,20.4,4
2666,INTSPA,15,1,88.1,51.2,2019,40.3,Canopy,12-17,Alive,63,Mature,3.0,"21,670.10",1.02,0.36,0.18,600.00,17.86,300.00,917.86,-0.5,-0.25,34.7,0
2666B,PIMELO,15,1,90.8,49.2,2019,13.4,Understory,1-5,Alive,7,Young,0.5,98.24,0.0,0.12,0.06,100.00,5.94,50.00,155.94,-0.3,-0.15,18.6,0
2667A,MONOMA,15,1,97.0,52.0,2019,19.1,Understory,6-11,Alive,7,Young,15.0,"8,969.00",0.42,0.17,0.08,"3,000.00",8.46,"1,500.00","4,508.46",1.3,0.65,23.5,11
2669,MANGQU,15,1,85.8,59.6,2019,64.7,Emergent,>24,Alive,63,Mature,7.0,"272,140.88",12.79,0.57,0.29,"1,400.00",28.67,700.00,"2,128.67",1.2,0.6,41.5,0
2670,EUGEFL,15,1,87.1,58.7,2019,40.6,Canopy,12-17,Alive,57,Intermediate,1.0,"7,411.78",0.35,0.36,0.18,200.00,17.99,100.00,317.99,0.0,0.0,34.8,0
2676,XANTST,15,1,96.3,59.5,2019,45.5,Canopy,18-23,Alive,72,Mature,3.5,"38,625.33",1.82,0.4,0.2,700.00,20.16,350.00,"1,070.16",1.4,0.7,36.5,0
2677C,LITHRA,15,1,97.8,44.0,2019,30.7,Canopy,12-17,Alive,28,Intermediate,1.5,"4,270.50",0.2,0.27,0.14,300.00,13.6,150.00,463.60,1.7,0.85,30.6,0
2677D,SHORP1,15,1,97.2,44.2,2019,15.5,Understory,6-11,Alive,7,Young,12.0,"3,703.98",0.17,0.14,0.07,"2,400.00",6.87,"1,200.00","3,606.87",2.2,1.1,20.6,0
2677F,ALPHEL,15,1,95.2,45.8,2019,13.5,Understory,1-5,Alive,7,Young,3.5,703.60,0.03,0.12,0.06,700.00,5.98,350.00,"1,055.98",0.0,0.0,18.7,0
2682D,PELLSA,16,1,80.5,60.5,2019,16.3,Understory,6-11,Alive,7,Young,0.5,180.73,0.01,0.14,0.07,100.00,7.22,50.00,157.22,0.1,0.05,21.2,9
2683,XANTEU,16,1,90.4,70.2,2019,14.4,Understory,6-11,Alive,52,Intermediate,16.0,"3,926.52",0.18,0.13,0.06,"3,200.00",6.38,"1,600.00","4,806.38",-0.1,-0.05,19.6,15
2686,MESUFE,16,1,80.9,71.3,2019,37.0,Canopy,12-17,Alive,59,Intermediate,7.5,"40,327.27",1.9,0.33,0.16,"1,500.00",16.39,750.00,"2,266.39",0.3,0.15,33.4,0
2687,DIPTC1,16,1,80.1,71.9,2019,80.2,Emergent,>24,Alive,75,Mature,13.5,"1,156,406.73",54.35,0.71,0.36,"2,700.00",35.54,"1,350.00","4,085.54",0.6,0.3,44.2,6
2690,OCHAAM,16,1,85.1,71.7,2019,15.0,Understory,6-11,Alive,4,Young,10.0,"2,786.23",0.13,0.13,0.07,"2,000.00",6.65,"1,000.00","3,006.65",-0.1,-0.05,20.1,0
2691,KNEMST,16,1,87.8,78.9,2019,33.1,Canopy,12-17,Alive,56,Intermediate,1.0,"3,673.64",0.17,0.29,0.15,200.00,14.67,100.00,314.67,0.6,0.3,31.7,10
2695,CYNOMA,16,1,89.9,75.6,2019,60.1,Emergent,>24,Alive,65,Mature,5.0,"148,765.34",6.99,0.53,0.27,"1,000.00",26.63,500.00,"1,526.63",0.9,0.45,40.5,0
2696,ELAENI,16,1,91.8,68.4,2019,28.3,Understory,6-11,Alive,48,Intermediate,1.5,"3,248.96",0.15,0.25,0.13,300.00,12.54,150.00,462.54,0.0,0.0,29.4,0
2698A,SHOROV,16,1,95.8,74.6,2019,39.8,Canopy,12-17,Alive,48,Intermediate,2.0,"13,834.53",0.65,0.35,0.18,400.00,17.64,200.00,617.64,1.5,0.75,34.5,0
2698B,ARTOIS,16,1,94.6,76.5,2019,15.3,Understory,6-11,Alive,48,Intermediate,3.5,"1,037.34",0.05,0.14,0.07,700.00,6.78,350.00,"1,056.78",0.6,0.3,20.4,6
2699A,SHORAC,16,1,93.3,70.3,2019,24.9,Understory,6-11,Alive,40,Intermediate,8.5,"12,035.32",0.57,0.22,0.11,"1,700.00",11.03,850.00,"2,561.03",1.8,0.9,27.4,0
2705,CALODI,17,1,60.3,60.3,2019,26.4,Understory,6-11,Alive,55,Intermediate,10.0,"17,182.88",0.81,0.23,0.12,"2,000.00",11.7,"1,000.00","3,011.70",0.0,0.0,28.3,5
2706,CYATRA,17,1,69.5,60.7,2019,33.1,Canopy,12-17,Alive,56,Intermediate,3.5,"12,857.74",0.6,0.29,0.15,700.00,14.67,350.00,"1,064.67",-0.5,-0.25,31.7,0
2710,SHORAC,17,1,62.5,63.2,2019,58.2,Canopy,18-23,Alive,57,Intermediate,8.5,"225,224.91",10.59,0.52,0.26,"1,700.00",25.79,850.00,"2,575.79",0.9,0.45,40.0,0
2712,MONOMA,17,1,63.3,68.9,2019,19.8,Understory,6-11,Alive,52,Intermediate,15.0,"10,067.45",0.47,0.18,0.09,"3,000.00",8.77,"1,500.00","4,508.77",0.3,0.15,24.0,11
2714,SINDWA,17,1,62.9,72.0,2019,45.0,Canopy,18-23,Alive,61,Mature,1.5,"15,923.62",0.75,0.4,0.2,300.00,19.94,150.00,469.94,0.1,0.05,36.4,8
2715,MILLAT,17,1,67.5,71.9,2019,13.8,Understory,1-5,Alive,52,Intermediate,5.5,"1,183.18",0.06,0.12,0.06,"1,100.00",6.11,550.00,"1,656.11",0.2,0.1,19.0,0
2718,SHORM1,17,1,62.8,77.0,2019,24.9,Understory,6-11,Alive,53,Intermediate,21.0,"29,734.32",1.4,0.22,0.11,"4,200.00",11.03,"2,100.00","6,311.03",0.7,0.35,27.4,10
2719A,CANTDI,17,1,63.8,78.1,2019,20.7,Understory,6-11,Alive,48,Intermediate,7.0,"5,422.14",0.25,0.18,0.09,"1,400.00",9.17,700.00,"2,109.17",0.0,0.0,24.7,0
2724,ELAERU,17,1,75.8,77.3,2019,41.2,Canopy,12-17,Alive,61,Mature,1.5,"11,699.27",0.55,0.37,0.18,300.00,18.26,150.00,468.26,0.0,0.0,35.1,0
2724A,CANTDI,17,1,78.7,77.1,2019,16.6,Understory,6-11,Alive,40,Intermediate,7.0,"2,679.86",0.13,0.15,0.07,"1,400.00",7.36,700.00,"2,107.36",-0.2,-0.1,21.5,0
2725,MANGG2,17,1,76.2,71.4,2019,45.2,Canopy,18-23,Alive,59,Intermediate,0.5,"5,391.16",0.25,0.4,0.2,100.00,20.03,50.00,170.03,0.7,0.35,36.4,0
2728,EUGEPU,17,1,71.8,68.2,2019,14.9,Understory,6-11,Alive,53,Intermediate,2.0,545.75,0.03,0.13,0.07,400.00,6.6,200.00,606.60,0.0,0.0,20.0,0
2731,BACCRE,17,1,71.3,62.3,2019,17.0,Understory,6-11,Alive,53,Intermediate,5.0,"2,063.64",0.1,0.15,0.08,"1,000.00",7.53,500.00,"1,507.53",0.2,0.1,21.8,0
2734,VATIBE,18,1,49.3,62.9,2019,19.0,Understory,6-11,Alive,52,Intermediate,5.5,"3,233.81",0.15,0.17,0.08,"1,100.00",8.42,550.00,"1,658.42",0.3,0.15,23.4,4
2737,EUGEO1,18,1,45.8,64.9,2019,56.9,Canopy,18-23,Alive,62,Mature,1.0,"24,428.59",1.15,0.5,0.25,200.00,25.21,100.00,325.21,0.9,0.45,39.7,0
2737A,SHORM2,18,1,46.2,66.2,2019,15.0,Understory,6-11,Alive,7,Young,14.0,"3,900.73",0.18,0.13,0.07,"2,800.00",6.65,"1,400.00","4,206.65",0.9,0.45,20.1,0
2741A,SHORL2,18,1,41.5,78.2,2019,61.8,Emergent,>24,Alive,48,Intermediate,3.5,"115,195.32",5.41,0.55,0.27,700.00,27.38,350.00,"1,077.38",3.1,1.55,40.8,13
2743,MONOMA,18,1,54.0,71.4,2019,34.8,Canopy,12-17,Alive,58,Intermediate,15.0,"65,364.18",3.07,0.31,0.15,"3,000.00",15.42,"1,500.00","4,515.42",0.6,0.3,32.5,11
2743A,GIROPA,18,1,48.4,71.7,2019,11.2,Understory,1-5,Alive,40,Intermediate,2.5,284.53,0.01,0.1,0.05,500.00,4.96,250.00,754.96,-0.2,-0.1,16.4,6
2745,SHORM2,18,1,57.3,73.0,2019,93.8,Emergent,>24,Alive,80,Mature,14.0,"2,156,047.26",101.33,0.83,0.42,"2,800.00",41.56,"1,400.00","4,241.56",0.5,0.25,46.0,0
2748A,GARCEU,18,1,48.3,77.5,2019,45.1,Canopy,18-23,Alive,48,Intermediate,0.5,"5,349.39",0.25,0.4,0.2,100.00,19.98,50.00,169.98,1.1,0.55,36.4,0
2749,ARTOLO,18,1,55.1,76.2,2019,20.1,Understory,6-11,Alive,4,Young,2.0,"1,408.90",0.07,0.18,0.09,400.00,8.91,200.00,608.91,0.1,0.05,24.2,0
2749B,PAROVA,18,1,53.2,76.2,2019,12.1,Understory,1-5,Alive,7,Young,3.5,503.32,0.02,0.11,0.05,700.00,5.36,350.00,"1,055.36",0.1,0.05,17.3,6
2751,PAROVA,18,1,58.5,68.4,2019,14.4,Understory,6-11,Alive,48,Intermediate,3.5,858.93,0.04,0.13,0.06,700.00,6.38,350.00,"1,056.38",-0.1,-0.05,19.6,6
2754B,MEL1AN,19,1,23.5,62.6,2019,10.6,Understory,1-5,Alive,7,Young,1.0,96.47,0.0,0.09,0.05,200.00,4.7,100.00,304.70,0.0,0.0,15.7,7
2763A,EUGEP4,19,1,24.2,77.6,2019,27.2,Understory,6-11,Alive,35,Intermediate,0.5,948.79,0.04,0.24,0.12,100.00,12.05,50.00,162.05,1.7,0.85,28.8,8
2768A,POL1JE,19,1,33.1,74.0,2019,13.2,Understory,1-5,Alive,7,Young,3.0,562.81,0.03,0.12,0.06,600.00,5.85,300.00,905.85,-2.0,-1.0,18.4,0
2771,SHORM1,19,1,35.0,79.6,2019,24.4,Understory,6-11,Alive,55,Intermediate,21.0,"27,812.09",1.31,0.22,0.11,"4,200.00",10.81,"2,100.00","6,310.81",-0.1,-0.05,27.1,10
2774C,SHORAC,19,1,36.2,72.0,2019,27.9,Understory,6-11,Alive,35,Intermediate,8.5,"17,555.54",0.83,0.25,0.12,"1,700.00",12.36,850.00,"2,562.36",1.0,0.5,29.1,0
2775,DIPTC1,19,1,37.4,66.2,2019,12.6,Understory,1-5,Alive,52,Intermediate,13.5,"2,196.32",0.1,0.11,0.06,"2,700.00",5.58,"1,350.00","4,055.58",-0.2,-0.1,17.8,6
2776,MESUFE,19,1,38.7,64.5,2019,18.6,Understory,6-11,Alive,53,Intermediate,7.5,"4,119.69",0.19,0.16,0.08,"1,500.00",8.24,750.00,"2,258.24",0.1,0.05,23.1,0
2777A,NEOBHE,19,1,37.0,62.4,2019,24.6,Understory,6-11,Alive,48,Intermediate,5.0,"6,802.32",0.32,0.22,0.11,"1,000.00",10.9,500.00,"1,510.90",0.6,0.3,27.2,0
2777B,GIRONE,19,1,34.4,70.1,2019,31.7,Canopy,12-17,Alive,7,Young,6.0,"19,036.04",0.89,0.28,0.14,"1,200.00",14.05,600.00,"1,814.05",0.6,0.3,31.1,0
2778A,MACACO,20,1,1.2,64.0,2019,16.7,Understory,6-11,Alive,7,Young,1.5,585.24,0.03,0.15,0.07,300.00,7.4,150.00,457.40,1.8,0.9,21.6,0
2780,MESURA,20,1,10.0,63.0,2019,17.0,Understory,6-11,Alive,52,Intermediate,8.0,"3,301.83",0.16,0.15,0.08,"1,600.00",7.53,800.00,"2,407.53",0.0,0.0,21.8,0
2794,SHORP2,20,1,17.6,74.4,2019,24.5,Understory,6-11,Alive,54,Intermediate,11.5,"15,436.87",0.73,0.22,0.11,"2,300.00",10.86,"1,150.00","3,460.86",1.6,0.8,27.2,0
2795A,SINDWA,20,1,13.1,72.9,2019,34.5,Canopy,12-17,Alive,48,Intermediate,1.5,"6,345.90",0.3,0.31,0.15,300.00,15.29,150.00,465.29,1.7,0.85,32.4,8
2800,DACRCO,20,1,19.6,64.6,2019,23.8,Understory,6-11,Alive,56,Intermediate,2.0,"2,440.66",0.11,0.21,0.11,400.00,10.55,200.00,610.55,0.3,0.15,26.7,5
2800A,SANTLA,20,1,11.2,64.2,2019,49.3,Canopy,18-23,Alive,48,Intermediate,9.0,"131,813",6.2,0.44,0.22,"1,800.00",21.84,900.00,"2,721.84",2.4,1.2,37.7,4
2802,NAUCOF,20,1,16.1,61.2,2019,32.0,Canopy,12-17,Alive,60,Mature,2.5,"8,188.76",0.38,0.28,0.14,500.00,14.18,250.00,764.18,0.2,0.1,31.2,0
2803,ALANRI,20,1,13.6,60.9,2019,19.0,Understory,6-11,Alive,48,Intermediate,8.0,"4,703.72",0.22,0.17,0.08,"1,600.00",8.42,800.00,"2,408.42",0.3,0.15,23.4,9
2804A,ACROPO,21,1,1.6,81.3,2019,14.0,Understory,6-11,Alive,4,Young,2.5,562.26,0.03,0.12,0.06,500.00,6.2,250.00,756.20,0.2,0.1,19.2,0
2805,IXONIC,21,1,8.1,80.6,2019,39.7,Canopy,12-17,Alive,60,Mature,10.5,"72,000.79",3.38,0.35,0.18,"2,100.00",17.59,"1,050.00","3,167.59",-0.1,-0.05,34.5,0
2805A,SHORL1,21,1,4.6,80.5,2019,37.7,Canopy,12-17,Alive,7,Young,9.0,"51,618.76",2.43,0.33,0.17,"1,800.00",16.7,900.00,"2,716.70",3.3,1.65,33.7,0
2809,IRVIMA,21,1,14.2,86.9,2019,62.1,Emergent,>24,Alive,72,Mature,1.0,"33,495.72",1.57,0.55,0.28,200.00,27.52,100.00,327.52,0.6,0.3,40.9,0
2812,DACRR1,21,1,3.4,93.0,2019,19.0,Understory,6-11,Alive,55,Intermediate,22.0,"12,935.24",0.61,0.17,0.08,"4,400.00",8.42,"2,200.00","6,608.42",0.1,0.05,23.4,0
2814A,PIMEGR,21,1,11.3,95.9,2019,25.3,Understory,6-11,Alive,48,Intermediate,10.5,"15,670.24",0.74,0.22,0.11,"2,100.00",11.21,"1,050.00","3,161.21",0.4,0.2,27.7,0
2814B,PYSOGR,21,1,13.2,91.4,2019,16.9,Understory,6-11,Alive,7,Young,0.5,202.55,0.01,0.15,0.07,100.00,7.49,50.00,157.49,0.7,0.35,21.7,0
2816,EUGEGR,21,1,7.0,99.4,2019,22.3,Understory,6-11,Alive,53,Intermediate,5.0,"4,931.56",0.23,0.2,0.1,"1,000.00",9.88,500.00,"1,509.88",0.2,0.1,25.8,6
2817,SINDVE,21,1,2.6,96.3,2019,72.6,Emergent,>24,Alive,70,Mature,1.5,"88,906.38",4.18,0.64,0.32,300.00,32.17,150.00,482.17,0.7,0.35,43.0,0
2820,DRYPLO,21,1,17.3,97.0,2019,15.2,Understory,6-11,Alive,53,Intermediate,8.5,"2,468.20",0.12,0.13,0.07,"1,700.00",6.74,850.00,"2,556.74",-0.1,-0.05,20.3,0
2830,PTEREC,22,1,28.4,85.4,2019,33.6,Canopy,12-17,Alive,58,Intermediate,4.0,"15,463.69",0.73,0.3,0.15,800.00,14.89,400.00,"1,214.89",29.9,14.95,32.0,0
2832,GIRONE,22,1,24.1,86.6,2019,31.8,Canopy,12-17,Alive,55,Intermediate,6.0,"19,240.09",0.9,0.28,0.14,"1,200.00",14.09,600.00,"1,814.09",-0.3,-0.15,31.1,0
2833,MONOMA,22,1,20.2,88.5,2019,37.2,Canopy,12-17,Alive,55,Intermediate,15.0,"82,164.61",3.86,0.33,0.16,"3,000.00",16.48,"1,500.00","4,516.48",0.7,0.35,33.5,11
2834,SHORBR,22,1,22.5,90.4,2019,33.5,Canopy,12-17,Alive,53,Intermediate,1.5,"5,740.33",0.27,0.3,0.15,300.00,14.84,150.00,464.84,0.8,0.4,31.9,4
2836,MALLPE,22,1,27.3,92.2,2019,15.2,Understory,6-11,Alive,53,Intermediate,6.0,"1,742.26",0.08,0.13,0.07,"1,200.00",6.74,600.00,"1,806.74",0.0,0.0,20.3,0
2843,EUGEP3,22,1,31.0,95.2,2019,103.5,Emergent,>24,Alive,80,Mature,3.0,"670,880.55",31.53,0.92,0.46,600.00,45.86,300.00,945.86,1.2,0.6,47.1,8
2845,EUGES2,22,1,33.5,98.0,2019,29.9,Understory,12-17,Alive,56,Intermediate,1.0,"2,604.72",0.12,0.26,0.13,200.00,13.25,100.00,313.25,0.4,0.2,30.2,0
2851,SHORM2,22,1,38.4,99.2,2019,50.4,Canopy,18-23,Alive,57,Intermediate,14.0,"221,734.27",10.42,0.45,0.22,"2,800.00",22.33,"1,400.00","4,222.33",3.3,1.65,38.0,0
2854,BEILM2,22,1,32.4,85.9,2019,47.0,Canopy,18-23,Alive,57,Intermediate,1.5,"18,555.67",0.87,0.42,0.21,300.00,20.83,150.00,470.83,0.5,0.25,37.0,7
2859,GORDSI,23,1,41.1,81.3,2019,18.0,Understory,6-11,Alive,48,Intermediate,0.5,247.39,0.01,0.16,0.08,100.00,7.98,50.00,157.98,0.1,0.05,22.6,0
2860,SHORM1,23,1,40.8,82.9,2019,25.7,Understory,6-11,Alive,53,Intermediate,21.0,"33,009.08",1.55,0.23,0.11,"4,200.00",11.39,"2,100.00","6,311.39",0.0,0.0,27.9,10
2860B,DIOSSU,23,1,43.8,83.2,2019,11.7,Understory,1-5,Alive,7,Young,1.0,129.86,0.01,0.1,0.05,200.00,5.18,100.00,305.18,0.0,0.0,16.9,8
2862,SHORL1,23,1,46.5,88.4,2019,51.4,Canopy,18-23,Alive,63,Mature,9.0,"152,852.60",7.18,0.46,0.23,"1,800.00",22.78,900.00,"2,722.78",0.7,0.35,38.3,0
2864,MESUFE,23,1,45.5,92.2,2019,23.5,Understory,6-11,Alive,57,Intermediate,7.5,"8,779.49",0.41,0.21,0.1,"1,500.00",10.41,750.00,"2,260.41",-0.2,-0.1,26.5,0
2866,KNEMMA,23,1,40.1,93.7,2019,35.6,Canopy,12-17,Alive,52,Intermediate,5.5,"25,905.39",1.22,0.32,0.16,"1,100.00",15.77,550.00,"1,665.77",-0.1,-0.05,32.9,6
2867B,SHORM1,23,1,43.8,96.1,2019,19.3,Understory,6-11,Alive,35,Intermediate,21.0,"12,982.92",0.61,0.17,0.09,"4,200.00",8.55,"2,100.00","6,308.55",0.4,0.2,23.6,10
2869,PTEREC,23,1,49.0,97.3,2019,17.0,Understory,6-11,Alive,53,Intermediate,4.0,"1,650.91",0.08,0.15,0.08,800.00,7.53,400.00,"1,207.53",0.5,0.25,21.8,0
2871A,MONOMA,23,1,52.8,99.7,2019,12.1,Understory,1-5,Alive,4,Young,15.0,"2,157.08",0.1,0.11,0.05,"3,000.00",5.36,"1,500.00","4,505.36",1.7,0.85,17.3,11
2871B,AGLASP,23,1,54.6,97.8,2019,10.8,Understory,1-5,Alive,4,Young,1.0,102.03,0.0,0.1,0.05,200.00,4.79,100.00,304.79,-1.0,-0.5,16.0,40
2880,CYNOMA,23,1,48.9,85.6,2019,28.6,Understory,6-11,Alive,54,Intermediate,5.0,"11,218.80",0.53,0.25,0.13,"1,000.00",12.67,500.00,"1,512.67",1.0,0.5,29.5,0
2881,SANDKO,23,1,50.2,84.2,2019,30.6,Canopy,12-17,Alive,59,Intermediate,4.0,"11,263.38",0.53,0.27,0.14,800.00,13.56,400.00,"1,213.56",0.1,0.05,30.5,2
2882,KNEMSC,23,1,55.1,82.7,2019,17.2,Understory,6-11,Alive,52,Intermediate,7.5,"3,212.15",0.15,0.15,0.08,"1,500.00",7.62,750.00,"2,257.62",0.5,0.25,22.0,0
2884,NEOSKI,23,1,59.3,82.7,2019,36.8,Canopy,12-17,Alive,58,Intermediate,6.5,"34,304.87",1.61,0.33,0.16,"1,300.00",16.31,650.00,"1,966.31",0.4,0.2,33.4,0
2994,XANTRU,23,1,47.3,99.9,2019,23.9,Understory,6-11,Alive,53,Intermediate,4.0,"4,948.97",0.23,0.21,0.11,800.00,10.59,400.00,"1,210.59",0.8,0.4,26.8,6
2889,SHORM2,24,1,60.5,89.0,2019,24.2,Understory,6-11,Alive,55,Intermediate,14.0,"18,046.13",0.85,0.21,0.11,"2,800.00",10.72,"1,400.00","4,210.72",0.1,0.05,27.0,0
2891A,MONOMA,24,1,67.0,90.0,2019,30.4,Canopy,12-17,Alive,40,Intermediate,15.0,"41,314.30",1.94,0.27,0.13,"3,000.00",13.47,"1,500.00","4,513.47",1.2,0.6,30.4,11
2895,MESURA,24,1,64.1,94.0,2019,21.7,Understory,6-11,Alive,54,Intermediate,8.0,"7,220.39",0.34,0.19,0.1,"1,600.00",9.62,800.00,"2,409.62",1.2,0.6,25.4,0
2898A,XANTEU,24,1,64.4,99.5,2019,13.2,Understory,1-5,Alive,4,Young,16.0,"3,001.67",0.14,0.12,0.06,"3,200.00",5.85,"1,600.00","4,805.85",0.4,0.2,18.4,15
2901,SHORM1,24,1,70.5,89.0,2019,28.5,Understory,6-11,Alive,53,Intermediate,21.0,"46,569.76",2.19,0.25,0.13,"4,200.00",12.63,"2,100.00","6,312.63",0.2,0.1,29.5,10
2902,DRYPLO,24,1,70.8,95.7,2019,15.0,Understory,6-11,Alive,53,Intermediate,8.5,"2,368.30",0.11,0.13,0.07,"1,700.00",6.65,850.00,"2,556.65",0.0,0.0,20.1,0
2908,SHORL2,24,1,69.6,83.1,2019,96.7,Emergent,>24,Alive,69,Mature,3.5,"604,729.05",28.42,0.86,0.43,700.00,42.85,350.00,"1,092.85",0.9,0.45,46.4,13
2911A,MEMEAM,25,1,85.2,83.0,2019,12.7,Understory,1-5,Alive,4,Young,3.0,500.01,0.02,0.11,0.06,600.00,5.63,300.00,905.63,0.0,0.0,17.9,0
2914,EUGEC1,25,1,94.1,86.2,2019,24.4,Understory,6-11,Alive,48,Intermediate,8.0,"10,595.08",0.5,0.22,0.11,"1,600.00",10.81,800.00,"2,410.81",1.4,0.7,27.1,0
2914A,ELAEP3,25,1,93.5,85.0,2019,13.2,Understory,1-5,Alive,7,Young,0.5,93.80,0.0,0.12,0.06,100.00,5.85,50.00,155.85,1.0,0.5,18.4,0
2917,CALOTE,25,1,88.4,90.3,2019,25.3,Understory,6-11,Alive,48,Intermediate,3.0,"4,477.21",0.21,0.22,0.11,600.00,11.21,300.00,911.21,0.7,0.35,27.7,0
2920,EUGEC1,25,1,80.3,86.0,2019,17.9,Understory,6-11,Alive,54,Intermediate,8.0,"3,888.63",0.18,0.16,0.08,"1,600.00",7.93,800.00,"2,407.93",-0.1,-0.05,22.6,0
2921,DRYPLO,25,1,80.7,91.6,2019,14.9,Understory,6-11,Alive,48,Intermediate,8.5,"2,319.45",0.11,0.13,0.07,"1,700.00",6.6,850.00,"2,556.60",-0.1,-0.05,20.0,0
2923,SHORM1,25,1,82.7,95.2,2019,19.2,Understory,6-11,Alive,52,Intermediate,21.0,"12,768.47",0.6,0.17,0.09,"4,200.00",8.51,"2,100.00","6,308.51",0.7,0.35,23.6,10
2924,EUGEC1,25,1,83.4,96.1,2019,17.4,Understory,6-11,Alive,48,Intermediate,8.0,"3,554.11",0.17,0.15,0.08,"1,600.00",7.71,800.00,"2,407.71",0.6,0.3,22.2,0
2926,SHORP2,25,1,85.5,98.1,2019,67.3,Emergent,>24,Alive,66,Mature,11.5,"516,174.35",24.26,0.6,0.3,"2,300.00",29.82,"1,150.00","3,479.82",2.5,1.25,42.0,0
2927,GIRONE,25,1,86.8,95.3,2019,14.9,Understory,6-11,Alive,52,Intermediate,6.0,"1,637.26",0.08,0.13,0.07,"1,200.00",6.6,600.00,"1,806.60",0.1,0.05,20.0,0
2929,DIPTC1,25,1,90.5,95.1,2019,22.2,Understory,6-11,Alive,55,Intermediate,13.5,"13,121.66",0.62,0.2,0.1,"2,700.00",9.84,"1,350.00","4,059.84",0.1,0.05,25.7,6
2930,CANALR,25,1,93.1,95.1,2019,61.7,Emergent,>24,Alive,67,Mature,4.0,"130,881.57",6.15,0.55,0.27,800.00,27.34,400.00,"1,227.34",0.0,0.0,40.8,0
2932,INTSPA,25,1,91.4,93.7,2019,23.9,Understory,6-11,Alive,56,Intermediate,3.0,"3,711.73",0.17,0.21,0.11,600.00,10.59,300.00,910.59,-0.2,-0.1,26.8,0
2935,DIPTC1,25,1,97.6,94.5,2019,21.3,Understory,6-11,Alive,52,Intermediate,13.5,"11,470.40",0.54,0.19,0.09,"2,700.00",9.44,"1,350.00","4,059.44",0.8,0.4,25.1,6
2935A,ALANEB,25,1,97.0,94.2,2019,14.2,Understory,6-11,Alive,7,Young,4.5,"1,057.48",0.05,0.13,0.06,900.00,6.29,450.00,"1,356.29",0.5,0.25,19.4,5
2939A,QUERAR,25,1,99.6,82.3,2019,36.4,Canopy,12-17,Alive,48,Intermediate,4.5,"22,874.19",1.08,0.32,0.16,900.00,16.13,450.00,"1,366.13",1.7,0.85,33.2,0
2940,ELATTA,26,2,80.0,100.0,2019,42.2,Canopy,12-17,Alive,60,Mature,3.5,"29,676.27",1.39,0.37,0.19,700.00,18.7,350.00,"1,068.70",0.4,0.2,35.4,9
2941,DIPTC1,26,2,88.8,105.1,2019,37.5,Canopy,12-17,Alive,58,Intermediate,13.5,"76,021.93",3.57,0.33,0.17,"2,700.00",16.62,"1,350.00","4,066.62",-0.3,-0.15,33.6,6
2943A,MEZZLE,26,2,89.2,108.8,2019,14.4,Understory,6-11,Alive,35,Intermediate,1.5,368.11,0.02,0.13,0.06,300.00,6.38,150.00,456.38,-0.1,-0.05,19.6,0
2949,LANSDO,26,2,85.1,119.5,2019,54.6,Canopy,18-23,Alive,61,Mature,6.5,"136,943.46",6.44,0.48,0.24,"1,300.00",24.19,650.00,"1,974.19",2.1,1.05,39.1,0
2950,KOILLO,26,2,89.7,118.1,2019,21.6,Understory,6-11,Alive,53,Intermediate,3.0,"2,667.33",0.13,0.19,0.1,600.00,9.57,300.00,909.57,-0.3,-0.15,25.3,0
2955,DILLSU,26,2,99.3,115.4,2019,16.7,Understory,6-11,Alive,53,Intermediate,2.0,780.32,0.04,0.15,0.07,400.00,7.4,200.00,607.40,-0.1,-0.05,21.6,0
2957A,MONOMA,26,2,94.4,111.8,2019,33.4,Canopy,12-17,Alive,40,Intermediate,15.0,"56,822.12",2.67,0.3,0.15,"3,000.00",14.8,"1,500.00","4,514.80",1.0,0.5,31.9,11
2958,DIPTC1,26,2,95.5,111.5,2019,58.4,Canopy,18-23,Alive,60,Mature,13.5,"362,158.55",17.02,0.52,0.26,"2,700.00",25.88,"1,350.00","4,075.88",1.7,0.85,40.1,6
2962A,MONOMA,26,2,96.6,102.3,2019,27.7,Understory,6-11,Alive,48,Intermediate,15.0,"30,245.31",1.42,0.25,0.12,"3,000.00",12.27,"1,500.00","4,512.27",0.8,0.4,29.0,11
2963A,APORAU,26,2,92.3,103.5,2019,14.9,Understory,6-11,Alive,28,Intermediate,2.0,545.75,0.03,0.13,0.07,400.00,6.6,200.00,606.60,0.6,0.3,20.0,6
2964A,CALOTE,27,2,60.8,100.3,2019,22.1,Understory,6-11,Alive,48,Intermediate,3.0,"2,873.37",0.14,0.2,0.1,600.00,9.79,300.00,909.79,1.1,0.55,25.6,0
2966,SHORM2,27,2,68.3,104.2,2019,27.1,Understory,6-11,Alive,54,Intermediate,14.0,"26,242.26",1.23,0.24,0.12,"2,800.00",12.01,"1,400.00","4,212.01",1.2,0.6,28.7,0
2967,EUGEPU,27,2,69.1,108.0,2019,18.0,Understory,6-11,Alive,53,Intermediate,2.0,989.54,0.05,0.16,0.08,400.00,7.98,200.00,607.98,0.3,0.15,22.6,0
2971,LEPISE,27,2,71.6,115.2,2019,30.3,Canopy,12-17,Alive,55,Intermediate,5.5,"14,981.34",0.7,0.27,0.13,"1,100.00",13.43,550.00,"1,663.43",1.0,0.5,30.4,0
2974,SHORM2,27,2,61.2,109.2,2019,32.8,Canopy,12-17,Alive,59,Intermediate,14.0,"49,863.91",2.34,0.29,0.15,"2,800.00",14.53,"1,400.00","4,214.53",0.8,0.4,31.6,0
2978,SAR1GR,27,2,67.1,117.4,2019,74.2,Emergent,>24,Alive,67,Mature,5.0,"321,143.52",15.09,0.66,0.33,"1,000.00",32.88,500.00,"1,532.88",0.5,0.25,43.2,9
2980B,MEMEMI,27,2,74.5,118.2,2019,13.2,Understory,1-5,Alive,35,Intermediate,3.5,656.62,0.03,0.12,0.06,700.00,5.85,350.00,"1,055.85",0.0,0.0,18.4,7
2982,ANI1LA,27,2,78.8,110.3,2019,33.6,Canopy,12-17,Alive,55,Intermediate,5.5,"21,262.58",1.0,0.3,0.15,"1,100.00",14.89,550.00,"1,664.89",1.0,0.5,32.0,0
2982A,KNEMPA,27,2,79.2,119.2,2019,14.1,Understory,6-11,Alive,35,Intermediate,1.0,229.91,0.01,0.12,0.06,200.00,6.25,100.00,306.25,0.2,0.1,19.3,0
2987A,SHORM1,27,2,76.6,102.8,2019,33.5,Canopy,12-17,Alive,28,Intermediate,21.0,"80,364.61",3.78,0.3,0.15,"4,200.00",14.84,"2,100.00","6,314.84",2.5,1.25,31.9,10
2987C,PEN2ST,27,2,74.8,104.8,2019,18.2,Understory,6-11,Alive,7,Young,0.5,256.24,0.01,0.16,0.08,100.00,8.06,50.00,158.06,-0.1,-0.05,22.8,0
2990,MONOMA,28,2,42.8,103.9,2019,19.6,Understory,6-11,Alive,58,Intermediate,15.0,"9,744.21",0.46,0.17,0.09,"3,000.00",8.68,"1,500.00","4,508.68",1.6,0.8,23.9,11
2993,INTSPA,28,2,49.8,103.8,2019,44.4,Canopy,12-17,Alive,65,Mature,3.0,"30,382.53",1.43,0.39,0.2,600.00,19.67,300.00,919.67,-1.1,-0.55,36.2,0
3002A,LITHWA,28,2,44.7,113.1,2019,33.6,Canopy,12-17,Alive,35,Intermediate,1.5,"5,798.88",0.27,0.3,0.15,300.00,14.89,150.00,464.89,1.2,0.6,32.0,0
3003A,RYPAKU,28,2,48.4,111.4,2019,12.4,Understory,1-5,Alive,28,Intermediate,11.0,"1,704.31",0.08,0.11,0.05,"2,200.00",5.49,"1,100.00","3,305.49",0.1,0.05,17.6,0
3003B,SINDEC,28,2,48.6,115.2,2019,19.4,Understory,6-11,Alive,28,Intermediate,1.0,628.57,0.03,0.17,0.09,200.00,8.6,100.00,308.60,0.6,0.3,23.7,0
3003C,DIPLMA,28,2,51.5,111.0,2019,16.3,Understory,6-11,Alive,7,Young,5.5,"1,988.05",0.09,0.14,0.07,"1,100.00",7.22,550.00,"1,657.22",0.2,0.1,21.2,0
3006,RYPAKU,28,2,56.5,113.7,2019,20.4,Understory,6-11,Alive,54,Intermediate,11.0,"8,128.10",0.38,0.18,0.09,"2,200.00",9.04,"1,100.00","3,309.04",0.4,0.2,24.4,0
3007B,GARCPA,28,2,56.8,115.1,2019,14.4,Understory,6-11,Alive,7,Young,2.0,490.81,0.02,0.13,0.06,400.00,6.38,200.00,606.38,0.0,0.0,19.6,0
3007C,BEILP2,28,2,56.2,117.4,2019,11.3,Understory,1-5,Alive,7,Young,1.0,116.90,0.01,0.1,0.05,200.00,5.01,100.00,305.01,0.2,0.1,16.5,5
3010,KOOMMA,28,2,56.9,108.3,2019,119.2,Emergent,>24,Alive,83,Mature,4.5,"1,729,241.67",81.27,1.06,0.53,900.00,52.82,450.00,"1,402.82",2.7,1.35,48.6,7
3015,SCHOAC,29,2,26.0,101.0,2019,66.3,Emergent,>24,Alive,69,Mature,2.0,"84,994.17",3.99,0.59,0.29,400.00,29.38,200.00,629.38,2.1,1.05,41.8,0
3017,DACRR1,29,2,31.8,100.1,2019,19.3,Understory,6-11,Alive,56,Intermediate,22.0,"13,601.15",0.64,0.17,0.09,"4,400.00",8.55,"2,200.00","6,608.55",-0.3,-0.15,23.6,0
3022,SAR1GR,29,2,29.0,107.7,2019,46.2,Canopy,18-23,Alive,57,Intermediate,5.0,"58,222.65",2.74,0.41,0.2,"1,000.00",20.47,500.00,"1,520.47",-0.3,-0.15,36.7,9
3023,EUGECL,29,2,27.1,109.1,2019,46.7,Canopy,18-23,Alive,57,Intermediate,4.0,"48,377.57",2.27,0.41,0.21,800.00,20.69,400.00,"1,220.69",1.3,0.65,36.9,0
3030,XANTRU,29,2,25.3,113.5,2019,32.0,Canopy,12-17,Alive,59,Intermediate,4.0,"13,102.01",0.62,0.28,0.14,800.00,14.18,400.00,"1,214.18",0.9,0.45,31.2,6
3034A,SHORM1,29,2,39.6,108.5,2019,31.5,Canopy,12-17,Alive,28,Intermediate,21.0,"65,214.53",3.07,0.28,0.14,"4,200.00",13.96,"2,100.00","6,313.96",1.5,0.75,31.0,10
3042,SCHOAC,29,2,36.4,117.3,2019,68.3,Emergent,>24,Alive,62,Mature,2.0,"94,744.05",4.45,0.61,0.3,400.00,30.26,200.00,630.26,-1.1,-0.55,42.2,0
3043,PALAH2,29,2,39.7,117.6,2019,27.6,Understory,6-11,Alive,57,Intermediate,1.5,"2,988.26",0.14,0.24,0.12,300.00,12.23,150.00,462.23,0.0,0.0,29.0,0
3045,HORSPO,29,2,38.1,114.1,2019,19.8,Understory,6-11,Alive,53,Intermediate,2.0,"1,342.33",0.06,0.18,0.09,400.00,8.77,200.00,608.77,0.0,0.0,24.0,0
3047,NEPHER,29,2,39.0,109.4,2019,27.7,Understory,6-11,Alive,55,Intermediate,2.5,"5,040.88",0.24,0.25,0.12,500.00,12.27,250.00,762.27,-0.3,-0.15,29.0,0
3049,DACRRO,29,2,33.2,116.8,2019,21.1,Understory,6-11,Alive,52,Intermediate,4.5,"3,708.34",0.17,0.19,0.09,900.00,9.35,450.00,"1,359.35",0.1,0.05,24.9,7
3052,DURIGR,30,2,3.2,102.9,2019,28.9,Understory,6-11,Alive,58,Intermediate,3.5,"8,132.51",0.38,0.26,0.13,700.00,12.81,350.00,"1,062.81",0.2,0.1,29.7,0
3053,MESUFE,30,2,9.3,103.0,2019,24.4,Understory,6-11,Alive,54,Intermediate,7.5,"9,932.89",0.47,0.22,0.11,"1,500.00",10.81,750.00,"2,260.81",0.6,0.3,27.1,0
3057,MEMEO2,30,2,8.4,110.7,2019,30.1,Canopy,12-17,Alive,54,Intermediate,3.5,"9,323.33",0.44,0.27,0.13,700.00,13.34,350.00,"1,063.34",0.7,0.35,30.3,0
3060,EUGEP3,30,2,2.9,114.5,2019,48.5,Canopy,18-23,Alive,58,Intermediate,3.0,"41,465.41",1.95,0.43,0.21,600.00,21.49,300.00,921.49,0.9,0.45,37.4,8
3067A,SHORM1,30,2,17.4,112.8,2019,19.4,Understory,6-11,Alive,7,Young,21.0,"13,199.96",0.62,0.17,0.09,"4,200.00",8.6,"2,100.00","6,308.60",1.0,0.5,23.7,10
3068,IRVIMA,30,2,14.5,105.8,2019,80.9,Emergent,>24,Alive,76,Mature,1.0,"88,472.93",4.16,0.72,0.36,200.00,35.85,100.00,335.85,0.1,0.05,44.3,0
3069,EUGESU,30,2,15.6,112.5,2019,18.2,Understory,6-11,Alive,55,Intermediate,2.5,"1,281.22",0.06,0.16,0.08,500.00,8.06,250.00,758.06,0.4,0.2,22.8,7
3071,ALANRI,31,2,4.2,125.7,2019,21.9,Understory,6-11,Alive,55,Intermediate,8.0,"7,438.97",0.35,0.19,0.1,"1,600.00",9.7,800.00,"2,409.70",0.0,0.0,25.5,9
3071B,HOPEDR,31,2,5.1,125.2,2019,13.0,Understory,1-5,Alive,7,Young,3.5,626.56,0.03,0.12,0.06,700.00,5.76,350.00,"1,055.76",0.4,0.2,18.2,0
3072A,SHORL2,31,2,7.8,123.3,2019,71.6,Emergent,>24,Alive,48,Intermediate,3.5,"197,129.13",9.27,0.63,0.32,700.00,31.73,350.00,"1,081.73",0.7,0.35,42.8,13
3072B,NEOSKI,31,2,8.0,121.4,2019,14.3,Understory,6-11,Alive,7,Young,6.5,"1,561.05",0.07,0.13,0.06,"1,300.00",6.34,650.00,"1,956.34",0.5,0.25,19.5,0
3074,NEPHOP,31,2,8.8,129.2,2019,36.7,Canopy,12-17,Alive,53,Intermediate,1.0,"5,228.54",0.25,0.33,0.16,200.00,16.26,100.00,316.26,0.9,0.45,33.3,0
3077A,SHORP1,31,2,6.4,131.4,2019,15.9,Understory,6-11,Alive,7,Young,12.0,"4,011.80",0.19,0.14,0.07,"2,400.00",7.05,"1,200.00","3,607.05",-1.4,-0.7,20.9,0
3079A,RYPAKU,31,2,1.4,137.3,2019,11.9,Understory,1-5,Alive,7,Young,11.0,"1,503.78",0.07,0.11,0.05,"2,200.00",5.27,"1,100.00","3,305.27",0.1,0.05,17.1,0
3080,BEILDI,31,2,7.8,136.2,2019,51.0,Canopy,18-23,Alive,58,Intermediate,5.0,"82,591.31",3.88,0.45,0.23,"1,000.00",22.6,500.00,"1,522.60",1.4,0.7,38.2,6
3080C,GARCPA,31,2,12.8,137.5,2019,11.2,Understory,1-5,Alive,4,Young,2.0,227.63,0.01,0.1,0.05,400.00,4.96,200.00,604.96,0.3,0.15,16.4,0
3082B,MANGQU,31,2,13.2,131.2,2019,13.0,Understory,1-5,Alive,4,Young,7.0,"1,253.13",0.06,0.12,0.06,"1,400.00",5.76,700.00,"2,105.76",0.5,0.25,18.2,0
3088,DURIGR,31,2,17.7,121.5,2019,14.9,Understory,6-11,Alive,53,Intermediate,3.5,955.07,0.04,0.13,0.07,700.00,6.6,350.00,"1,056.60",-0.1,-0.05,20.0,0
3090,XANTEU,32,2,20.0,120.0,2019,13.0,Understory,1-5,Alive,53,Intermediate,16.0,"2,864.29",0.13,0.12,0.06,"3,200.00",5.76,"1,600.00","4,805.76",-0.1,-0.05,18.2,15
3090B,SHORM1,32,2,25.2,121.0,2019,21.2,Understory,6-11,Alive,7,Young,21.0,"17,572.73",0.83,0.19,0.09,"4,200.00",9.39,"2,100.00","6,309.39",1.5,0.75,25.0,10
3094,PTYCCO,32,2,21.4,129.9,2019,31.6,Canopy,12-17,Alive,53,Intermediate,7.0,"21,972.52",1.03,0.28,0.14,"1,400.00",14.0,700.00,"2,114.00",3.0,1.5,31.0,0
3094A,SHORM1,32,2,30.0,130.0,2019,18.1,Understory,6-11,Alive,35,Intermediate,21.0,"10,575.04",0.5,0.16,0.08,"4,200.00",8.02,"2,100.00","6,308.02",1.3,0.65,22.7,10
3098A,SHORM1,32,2,26.2,133.0,2019,22.2,Understory,6-11,Alive,7,Young,21.0,"20,411.47",0.96,0.2,0.1,"4,200.00",9.84,"2,100.00","6,309.84",1.8,0.9,25.7,10
3098C,SHORP2,32,2,32.0,133.5,2019,28.1,Understory,6-11,Alive,7,Young,11.5,"24,325.11",1.14,0.25,0.12,"2,300.00",12.45,"1,150.00","3,462.45",3.3,1.65,29.3,0
3098D,HOPEME,32,2,35.3,133.0,2019,17.2,Understory,6-11,Alive,7,Young,13.0,"5,567.73",0.26,0.15,0.08,"2,600.00",7.62,"1,300.00","3,907.62",1.2,0.6,22.0,0
3105A,NEOBHE,32,2,28.6,139.6,2019,13.5,Understory,1-5,Alive,7,Young,5.0,"1,005.14",0.05,0.12,0.06,"1,000.00",5.98,500.00,"1,505.98",0.5,0.25,18.7,0
3110,GANUSN,32,2,32.6,127.6,2019,37.4,Canopy,12-17,Alive,59,Intermediate,4.0,"22,318.80",1.05,0.33,0.17,800.00,16.57,400.00,"1,216.57",0.1,0.05,33.6,0
3113,MEMEAM,32,2,37.8,124.2,2019,12.3,Understory,1-5,Alive,48,Intermediate,3.0,453.48,0.02,0.11,0.05,600.00,5.45,300.00,905.45,0.3,0.15,17.5,0
3113A,ARCHBU,32,2,33.4,123.6,2019,25.7,Understory,6-11,Alive,7,Young,11.5,"18,076.40",0.85,0.23,0.11,"2,300.00",11.39,"1,150.00","3,461.39",2.4,1.2,27.9,0
3113C,QUERAR,32,2,33.6,125.6,2019,15.0,Understory,6-11,Alive,7,Young,4.5,"1,253.81",0.06,0.13,0.07,900.00,6.65,450.00,"1,356.65",1.2,0.6,20.1,0
3115,ELATTA,32,2,39.2,121.4,2019,37.5,Canopy,12-17,Alive,59,Intermediate,3.5,"19,709.39",0.93,0.33,0.17,700.00,16.62,350.00,"1,066.62",0.1,0.05,33.6,9
3118A,HOPEME,33,2,41.2,120.4,2019,32.4,Canopy,12-17,Alive,48,Intermediate,13.0,"44,413.19",2.09,0.29,0.14,"2,600.00",14.36,"1,300.00","3,914.36",0.9,0.45,31.4,0
3121A,MILLAT,33,2,51.8,121.0,2019,15.0,Understory,6-11,Alive,28,Intermediate,5.5,"1,532.43",0.07,0.13,0.07,"1,100.00",6.65,550.00,"1,656.65",0.0,0.0,20.1,0
3123,MEMEAM,33,2,46.7,127.3,2019,15.5,Understory,6-11,Alive,53,Intermediate,3.0,926.00,0.04,0.14,0.07,600.00,6.87,300.00,906.87,0.3,0.15,20.6,0
3124,CANTDI,33,2,45.3,127.6,2019,34.4,Canopy,12-17,Alive,54,Intermediate,7.0,"29,322.14",1.38,0.3,0.15,"1,400.00",15.24,700.00,"2,115.24",-1.6,-0.8,32.3,0
3125,CANAAP,33,2,47.7,128.5,2019,54.9,Canopy,18-23,Alive,68,Mature,0.5,"10,742.81",0.5,0.49,0.24,100.00,24.33,50.00,174.33,0.7,0.35,39.2,0
3126B,SANTLA,33,2,41.9,132.0,2019,17.5,Understory,6-11,Alive,7,Young,9.0,"4,071.70",0.19,0.16,0.08,"1,800.00",7.75,900.00,"2,707.75",1.1,0.55,22.2,4
3130C,MILLAT,33,2,50.0,137.4,2019,17.8,Understory,6-11,Alive,7,Young,5.5,"2,626.24",0.12,0.16,0.08,"1,100.00",7.89,550.00,"1,657.89",1.4,0.7,22.5,0
3133,CALOWA,33,2,54.8,137.1,2019,24.5,Understory,6-11,Alive,53,Intermediate,4.0,"5,369.35",0.25,0.22,0.11,800.00,10.86,400.00,"1,210.86",0.5,0.25,27.2,11
3133A,AIDICO,33,2,57.4,139.6,2019,20.4,Understory,6-11,Alive,4,Young,2.0,"1,477.84",0.07,0.18,0.09,400.00,9.04,200.00,609.04,0.6,0.3,24.4,0
3134,SHORP2,33,2,55.2,134.6,2019,96.7,Emergent,>24,Alive,79,Mature,11.5,"1,986,966.87",93.39,0.86,0.43,"2,300.00",42.85,"1,150.00","3,492.85",1.3,0.65,46.4,0
3138,SAR1GR,33,2,53.8,128.6,2019,42.0,Canopy,12-17,Alive,60,Mature,5.0,"41,698.33",1.96,0.37,0.19,"1,000.00",18.61,500.00,"1,518.61",0.7,0.35,35.3,9
3141,KNEMSC,33,2,56.0,125.5,2019,21.3,Understory,6-11,Alive,53,Intermediate,7.5,"6,372.45",0.3,0.19,0.09,"1,500.00",9.44,750.00,"2,259.44",0.2,0.1,25.1,0
3145,DIOSSI,34,2,62.2,124.6,2019,17.2,Understory,6-11,Alive,54,Intermediate,1.5,642.43,0.03,0.15,0.08,300.00,7.62,150.00,457.62,0.4,0.2,22.0,0
3150,ELAEFL,34,2,65.4,138.3,2019,34.7,Canopy,12-17,Alive,48,Intermediate,0.5,"2,157.48",0.1,0.31,0.15,100.00,15.38,50.00,165.38,0.3,0.15,32.5,0
3150A,SINDEC,34,2,63.4,129.4,2019,16.4,Understory,6-11,Alive,28,Intermediate,1.0,368.49,0.02,0.15,0.07,200.00,7.27,100.00,307.27,0.7,0.35,21.3,0
3158,VATIBE,34,2,79.6,134.3,2019,18.2,Understory,6-11,Alive,52,Intermediate,5.5,"2,818.69",0.13,0.16,0.08,"1,100.00",8.06,550.00,"1,658.06",0.0,0.0,22.8,4
3161C,ALANEB,34,2,73.4,128.8,2019,14.6,Understory,6-11,Alive,7,Young,4.5,"1,152.65",0.05,0.13,0.06,900.00,6.47,450.00,"1,356.47",1.1,0.55,19.7,5
3162,KNEMSC,34,2,75.7,129.7,2019,23.0,Understory,6-11,Alive,54,Intermediate,7.5,"8,182.63",0.38,0.2,0.1,"1,500.00",10.19,750.00,"2,260.19",-0.3,-0.15,26.2,0
3164,PEN1MO,34,2,70.3,127.6,2019,39.9,Canopy,12-17,Alive,53,Intermediate,4.0,"27,910.80",1.31,0.35,0.18,800.00,17.68,400.00,"1,217.68",1.3,0.65,34.6,0
3164C,MONOMA,34,2,71.4,125.9,2019,15.5,Understory,6-11,Alive,7,Young,15.0,"4,629.98",0.22,0.14,0.07,"3,000.00",6.87,"1,500.00","4,506.87",-1.3,-0.65,20.6,11
3166,XANTST,34,2,73.1,124.4,2019,59.9,Canopy,>24,Alive,61,Mature,3.5,"102,889.13",4.84,0.53,0.27,700.00,26.54,350.00,"1,076.54",1.2,0.6,40.4,0
3168,MADHL1,34,2,77.3,125.0,2019,43.0,Canopy,12-17,Alive,56,Intermediate,1.5,"13,580.01",0.64,0.38,0.19,300.00,19.05,150.00,469.05,1.0,0.5,35.7,13
3169,DIPTC1,34,2,78.4,122.0,2019,79.2,Emergent,>24,Alive,75,Mature,13.5,"1,103,746.65",51.88,0.7,0.35,"2,700.00",35.09,"1,350.00","4,085.09",0.8,0.4,44.0,6
3170,SCA1SP,35,2,81.0,120.4,2019,17.0,Understory,6-11,Alive,53,Intermediate,6.0,"2,476.37",0.12,0.15,0.08,"1,200.00",7.53,600.00,"1,807.53",-0.1,-0.05,21.8,0
3171,XERONO,35,2,85.9,120.0,2019,20.9,Understory,6-11,Alive,52,Intermediate,10.5,"8,390.08",0.39,0.19,0.09,"2,100.00",9.26,"1,050.00","3,159.26",0.3,0.15,24.8,11
3179,MONOMA,35,2,89.7,129.4,2019,23.0,Understory,6-11,Alive,53,Intermediate,15.0,"16,365.25",0.77,0.2,0.1,"3,000.00",10.19,"1,500.00","4,510.19",0.0,0.0,26.2,11
3182A,XERONO,35,2,82.5,137.6,2019,23.3,Understory,6-11,Alive,48,Intermediate,10.5,"11,951.90",0.56,0.21,0.1,"2,100.00",10.32,"1,050.00","3,160.32",0.2,0.1,26.4,11
3182C,CALODI,35,2,83.8,132.8,2019,13.5,Understory,1-5,Alive,7,Young,10.0,"2,010.28",0.09,0.12,0.06,"2,000.00",5.98,"1,000.00","3,005.98",0.2,0.1,18.7,5
3184A,LITHCU,35,2,88.4,136.7,2019,61.4,Emergent,>24,Alive,40,Intermediate,5.5,"176,812.92",8.31,0.54,0.27,"1,100.00",27.21,550.00,"1,677.21",1.8,0.9,40.8,0
3184C,CLE1SU,35,2,90.2,138.5,2019,12.1,Understory,1-5,Alive,7,Young,4.5,647.12,0.03,0.11,0.05,900.00,5.36,450.00,"1,355.36",0.1,0.05,17.3,0
3188,CYNOMA,35,2,93.4,135.5,2019,50.5,Canopy,18-23,Alive,58,Intermediate,5.0,"79,750.16",3.75,0.45,0.22,"1,000.00",22.38,500.00,"1,522.38",3.7,1.85,38.0,0
3188B,SHORM1,35,2,93.0,137.5,2019,16.9,Understory,6-11,Alive,7,Young,21.0,"8,507.18",0.4,0.15,0.07,"4,200.00",7.49,"2,100.00","6,307.49",0.4,0.2,21.7,10
3190,HOMADI,35,2,97.8,131.7,2019,53.4,Canopy,18-23,Alive,68,Mature,0.5,"9,729.53",0.46,0.47,0.24,100.00,23.66,50.00,173.66,0.0,0.0,38.8,0
3191,IXONIC,35,2,96.9,128.0,2019,30.6,Canopy,12-17,Alive,53,Intermediate,10.5,"29,566.38",1.39,0.27,0.14,"2,100.00",13.56,"1,050.00","3,163.56",-2.6,-1.3,30.5,0
3192,SAR1GR,35,2,93.7,130.1,2019,38.4,Canopy,12-17,Alive,54,Intermediate,5.0,"30,556.24",1.44,0.34,0.17,"1,000.00",17.02,500.00,"1,517.02",1.0,0.5,34.0,9
3195,HORSS2,35,2,97.3,123.6,2019,42.7,Canopy,12-17,Alive,57,Intermediate,2.5,"22,086.64",1.04,0.38,0.19,500.00,18.92,250.00,768.92,0.4,0.2,35.6,0
3206,DACRLA,36,2,84.7,150.3,2019,21.5,Understory,6-11,Alive,55,Intermediate,2.5,"2,189.54",0.1,0.19,0.1,500.00,9.53,250.00,759.53,0.2,0.1,25.2,0
3206A,MONOMA,36,2,83.0,149.0,2019,18.9,Understory,6-11,Alive,7,Young,15.0,"8,671.77",0.41,0.17,0.08,"3,000.00",8.37,"1,500.00","4,508.37",-0.1,-0.05,23.3,11
3214,SARADE,36,2,92.7,157.6,2019,30.3,Canopy,12-17,Alive,59,Intermediate,36.5,"99,421.65",4.67,0.27,0.13,"7,300.00",13.43,"3,650.00","10,963.43",-0.6,-0.3,30.4,15
3220,GYMNFO,36,2,96.3,154.4,2019,41.5,Canopy,12-17,Alive,58,Intermediate,0.5,"3,999.47",0.19,0.37,0.18,100.00,18.39,50.00,168.39,0.4,0.2,35.2,0
3224,SARADE,36,2,98.0,148.0,2019,31.3,Canopy,12-17,Alive,53,Intermediate,36.5,"110,933.99",5.21,0.28,0.14,"7,300.00",13.87,"3,650.00","10,963.87",0.8,0.4,30.9,15
3233,EUGESU,37,2,67.2,146.9,2019,25.2,Understory,6-11,Alive,53,Intermediate,2.5,"3,682.52",0.17,0.22,0.11,500.00,11.17,250.00,761.17,0.4,0.2,27.6,7
3242,EUGENA,37,2,62.2,153.3,2019,29.3,Understory,12-17,Alive,53,Intermediate,1.5,"3,649.81",0.17,0.26,0.13,300.00,12.98,150.00,462.98,-0.1,-0.05,29.9,0
3242B,SHORP1,37,2,65.6,153.3,2019,31.0,Canopy,12-17,Alive,28,Intermediate,12.0,"35,303.87",1.66,0.27,0.14,"2,400.00",13.74,"1,200.00","3,613.74",-0.2,-0.1,30.7,0
3244B,DRYPPO,37,2,62.2,158.2,2019,11.0,Understory,1-5,Alive,7,Young,1.0,107.81,0.01,0.1,0.05,200.00,4.87,100.00,304.87,0.0,0.0,16.2,0
3246,SAR1GR,37,2,69.8,154.6,2019,97.1,Emergent,>24,Alive,72,Mature,5.0,"877,500.57",41.24,0.86,0.43,"1,000.00",43.03,500.00,"1,543.03",2.1,1.05,46.4,9
3246C,PORTAN,37,2,68.0,156.7,2019,16.8,Understory,6-11,Alive,7,Young,11.5,"4,572.18",0.21,0.15,0.07,"2,300.00",7.44,"1,150.00","3,457.44",0.5,0.25,21.7,0
3249D,MACAHO,37,2,75.6,150.0,2019,22.4,Understory,6-11,Alive,7,Young,0.5,500.40,0.02,0.2,0.1,100.00,9.93,50.00,159.93,0.7,0.35,25.8,0
3250,MEL1FU,37,2,72.1,150.0,2019,19.5,Understory,6-11,Alive,48,Intermediate,4.5,"2,875.63",0.14,0.17,0.09,900.00,8.64,450.00,"1,358.64",0.4,0.2,23.8,0
3250A,POL1SC,37,2,70.4,149.4,2019,22.5,Understory,6-11,Alive,48,Intermediate,2.0,"2,030.89",0.1,0.2,0.1,400.00,9.97,200.00,609.97,0.3,0.15,25.9,0
3131,XANTEU,38,2,53.5,140.2,2019,17.0,Understory,6-11,Alive,53,Intermediate,16.0,"6,603.66",0.31,0.15,0.08,"3,200.00",7.53,"1,600.00","4,807.53",0.1,0.05,21.8,15
3259,SANTTO,38,2,40.5,140.4,2019,23.0,Understory,6-11,Alive,53,Intermediate,4.5,"4,909.58",0.23,0.2,0.1,900.00,10.19,450.00,"1,360.19",-0.3,-0.15,26.2,0
3262B,NEOBHE,38,2,40.8,141.6,2019,12.6,Understory,1-5,Alive,7,Young,5.0,813.45,0.04,0.11,0.06,"1,000.00",5.58,500.00,"1,505.58",0.6,0.3,17.8,0
3263B,ARCHBU,38,2,43.9,147.3,2019,19.2,Understory,6-11,Alive,28,Intermediate,11.5,"6,992.26",0.33,0.17,0.09,"2,300.00",8.51,"1,150.00","3,458.51",1.0,0.5,23.6,0
3266,SHORM2,38,2,52.2,150.1,2019,54.1,Canopy,18-23,Alive,64,Mature,14.0,"285,405.45",13.41,0.48,0.24,"2,800.00",23.97,"1,400.00","4,223.97",1.1,0.55,39.0,0
3271A,MONOMA,38,2,42.7,154.0,2019,25.2,Understory,6-11,Alive,7,Young,15.0,"22,095.10",1.04,0.22,0.11,"3,000.00",11.17,"1,500.00","4,511.17",1.0,0.5,27.6,11
3272,RYPAKU,38,2,42.1,154.8,2019,15.9,Understory,6-11,Alive,52,Intermediate,11.0,"3,677.49",0.17,0.14,0.07,"2,200.00",7.05,"1,100.00","3,307.05",0.1,0.05,20.9,0
3274,GANUSN,38,2,49.8,156.8,2019,21.1,Understory,6-11,Alive,53,Intermediate,4.0,"3,296.30",0.15,0.19,0.09,800.00,9.35,400.00,"1,209.35",0.2,0.1,24.9,0
3277,ANI1LA,38,2,59.6,151.7,2019,50.1,Canopy,18-23,Alive,61,Mature,5.5,"85,283.36",4.01,0.44,0.22,"1,100.00",22.2,550.00,"1,672.20",2.0,1.0,37.9,0
3277A,EUGEDU,38,2,56.4,150.9,2019,20.4,Understory,6-11,Alive,40,Intermediate,1.0,738.92,0.03,0.18,0.09,200.00,9.04,100.00,309.04,0.2,0.1,24.4,6
3281B,SHORL2,38,2,56.2,143.6,2019,39.0,Canopy,12-17,Alive,7,Young,3.5,"22,566.74",1.06,0.35,0.17,700.00,17.28,350.00,"1,067.28",2.9,1.45,34.2,13
3284,PAROVA,39,2,28.0,140.5,2019,23.9,Understory,6-11,Alive,54,Intermediate,3.5,"4,330.35",0.2,0.21,0.11,700.00,10.59,350.00,"1,060.59",-0.1,-0.05,26.8,6
3290A,SHORL1,39,2,28.0,149.0,2019,22.0,Understory,6-11,Alive,7,Young,9.0,"8,493.80",0.4,0.19,0.1,"1,800.00",9.75,900.00,"2,709.75",2.2,1.1,25.6,0
3291,DIALWA,39,2,30.3,149.5,2019,20.7,Understory,6-11,Alive,48,Intermediate,1.5,"1,161.89",0.05,0.18,0.09,300.00,9.17,150.00,459.17,1.0,0.5,24.7,0
3294,MESUFE,39,2,21.5,149.1,2019,21.1,Understory,6-11,Alive,53,Intermediate,7.5,"6,180.57",0.29,0.19,0.09,"1,500.00",9.35,750.00,"2,259.35",0.9,0.45,24.9,0
3296,SCHOAC,39,2,22.4,153.2,2019,40.3,Canopy,12-17,Alive,60,Mature,2.0,"14,446.73",0.68,0.36,0.18,400.00,17.86,200.00,617.86,2.7,1.35,34.7,0
3296B,CROTAR,39,2,22.1,153.8,2019,13.0,Understory,1-5,Alive,7,Young,8.0,"1,432.15",0.07,0.12,0.06,"1,600.00",5.76,800.00,"2,405.76",0.7,0.35,18.2,0
3296D,PIMEGR,39,2,20.8,154.6,2019,16.5,Understory,6-11,Alive,7,Young,10.5,"3,943.95",0.19,0.15,0.07,"2,100.00",7.31,"1,050.00","3,157.31",0.3,0.15,21.4,0
3299,SANTLA,39,2,24.7,159.1,2019,76.5,Emergent,>24,Alive,72,Mature,9.0,"647,068.97",30.41,0.68,0.34,"1,800.00",33.9,900.00,"2,733.90",0.7,0.35,43.6,4
3308,DRYPLO,39,2,38.6,147.3,2019,20.6,Understory,6-11,Alive,55,Intermediate,8.5,"6,481.80",0.3,0.18,0.09,"1,700.00",9.13,850.00,"2,559.13",-0.2,-0.1,24.6,0
3309,CALODI,39,2,37.6,142.5,2019,22.2,Understory,6-11,Alive,52,Intermediate,10.0,"9,719.75",0.46,0.2,0.1,"2,000.00",9.84,"1,000.00","3,009.84",0.0,0.0,25.7,5
3312,KNEMHO,40,2,7.1,145.2,2019,30.8,Canopy,12-17,Alive,55,Intermediate,1.0,"2,878.41",0.14,0.27,0.14,200.00,13.65,100.00,313.65,-0.3,-0.15,30.6,7
3312A,BACCRE,40,2,5.8,143.8,2019,18.0,Understory,6-11,Alive,48,Intermediate,5.0,"2,473.85",0.12,0.16,0.08,"1,000.00",7.98,500.00,"1,507.98",0.4,0.2,22.6,0
3315,EUGEC1,40,2,0.4,148.0,2019,20.8,Understory,6-11,Alive,54,Intermediate,8.0,"6,294.04",0.3,0.18,0.09,"1,600.00",9.22,800.00,"2,409.22",0.2,0.1,24.7,0
3316,BEILDI,40,2,1.1,150.6,2019,49.2,Canopy,18-23,Alive,61,Mature,5.0,"72,704.55",3.42,0.44,0.22,"1,000.00",21.8,500.00,"1,521.80",0.6,0.3,37.7,6
3317A,CALODI,40,2,8.3,152.0,2019,11.5,Understory,1-5,Alive,7,Young,10.0,"1,232.62",0.06,0.1,0.05,"2,000.00",5.1,"1,000.00","3,005.10",0.0,0.0,16.7,5
3328A,ARCHBU,40,2,13.2,148.4,2019,16.6,Understory,6-11,Alive,7,Young,11.5,"4,402.62",0.21,0.15,0.07,"2,300.00",7.36,"1,150.00","3,457.36",-0.2,-0.1,21.5,0
3335,PTYCCO,41,2,3.0,162.3,2019,14.7,Understory,6-11,Alive,52,Intermediate,7.0,"1,831.47",0.09,0.13,0.07,"1,400.00",6.51,700.00,"2,106.51",-0.1,-0.05,19.8,0
3341,XANTST,41,2,2.0,171.3,2019,16.3,Understory,6-11,Alive,54,Intermediate,3.5,"1,265.12",0.06,0.14,0.07,700.00,7.22,350.00,"1,057.22",-0.3,-0.15,21.2,0
3341A,CRY1RU,41,2,5.2,171.0,2019,16.0,Understory,6-11,Alive,7,Young,0.5,170.48,0.01,0.14,0.07,100.00,7.09,50.00,157.09,2.1,1.05,21.0,0
3342,APORPE,41,2,2.3,175.4,2019,25.7,Understory,6-11,Alive,54,Intermediate,2.5,"3,929.65",0.18,0.23,0.11,500.00,11.39,250.00,761.39,0.3,0.15,27.9,0
3343A,MONOMA,41,2,9.0,175.4,2019,16.2,Understory,6-11,Alive,7,Young,15.0,"5,318.01",0.25,0.14,0.07,"3,000.00",7.18,"1,500.00","4,507.18",0.5,0.25,21.2,11
3346,DIPTKU,41,2,10.8,165.7,2019,101.2,Emergent,>24,Alive,79,Mature,1.0,"205,303.97",9.65,0.9,0.45,200.00,44.84,100.00,344.84,0.9,0.45,46.9,6
3347,MONOMA,41,2,17.3,167.7,2019,26.5,Understory,6-11,Alive,53,Intermediate,15.0,"26,099.86",1.23,0.23,0.12,"3,000.00",11.74,"1,500.00","4,511.74",0.1,0.05,28.4,11
3347A,LITHSU,41,2,14.7,171.0,2019,11.4,Understory,1-5,Alive,4,Young,1.0,120.05,0.01,0.1,0.05,200.00,5.05,100.00,305.05,1.2,0.6,16.6,0
3353,SHORP2,42,2,28.8,161.1,2019,37.2,Canopy,12-17,Alive,54,Intermediate,11.5,"62,992.87",2.96,0.33,0.16,"2,300.00",16.48,"1,150.00","3,466.48",1.5,0.75,33.5,0
3356,HOPEME,42,2,28.4,163.8,2019,32.4,Canopy,12-17,Alive,53,Intermediate,13.0,"44,413.19",2.09,0.29,0.14,"2,600.00",14.36,"1,300.00","3,914.36",1.5,0.75,31.4,0
3359,KOOMMA,42,2,23.3,166.9,2019,69.1,Emergent,>24,Alive,68,Mature,4.5,"222,459.72",10.46,0.61,0.31,900.00,30.62,450.00,"1,380.62",0.9,0.45,42.3,7
3362,MYRIM1,42,2,21.0,176.1,2019,15.9,Understory,6-11,Alive,35,Intermediate,1.5,501.48,0.02,0.14,0.07,300.00,7.05,150.00,457.05,0.4,0.2,20.9,0
3364,OCHAAM,42,2,23.3,177.9,2019,13.5,Understory,1-5,Alive,48,Intermediate,10.0,"2,010.28",0.09,0.12,0.06,"2,000.00",5.98,"1,000.00","3,005.98",-0.2,-0.1,18.7,0
3365,NEPHCO,42,2,28.7,173.7,2019,32.2,Canopy,12-17,Alive,56,Intermediate,2.5,"8,363.51",0.39,0.29,0.14,500.00,14.27,250.00,764.27,-2.5,-1.25,31.3,0
3369,BHESPA,42,2,33.1,171.7,2019,24.6,Understory,6-11,Alive,48,Intermediate,1.0,"1,360.46",0.06,0.22,0.11,200.00,10.9,100.00,310.90,1.5,0.75,27.2,0
3371,EUGEP3,42,2,37.9,172.6,2019,39.6,Canopy,12-17,Alive,60,Mature,3.0,"20,392.68",0.96,0.35,0.18,600.00,17.55,300.00,917.55,0.4,0.2,34.5,8
3372,GREWMI,42,2,38.1,170.0,2019,17.3,Understory,6-11,Alive,53,Intermediate,6.0,"2,617.34",0.12,0.15,0.08,"1,200.00",7.67,600.00,"1,807.67",-0.1,-0.05,22.1,0
3378,MILLAT,42,2,39.1,164.3,2019,27.2,Understory,6-11,Alive,55,Intermediate,5.5,"10,436.66",0.49,0.24,0.12,"1,100.00",12.05,550.00,"1,662.05",1.2,0.6,28.8,0
3380,PALAMA,42,2,35.9,164.5,2019,30.0,Canopy,12-17,Alive,52,Intermediate,2.0,"5,268.28",0.25,0.27,0.13,400.00,13.29,200.00,613.29,1.2,0.6,30.2,0
3383,DIALWA,43,2,43.0,161.8,2019,15.4,Understory,6-11,Alive,58,Intermediate,1.5,453.72,0.02,0.14,0.07,300.00,6.82,150.00,456.82,0.0,0.0,20.5,0
3385,ALPHMA,43,2,47.8,160.1,2019,19.2,Understory,6-11,Alive,53,Intermediate,5.5,"3,344.12",0.16,0.17,0.09,"1,100.00",8.51,550.00,"1,658.51",0.2,0.1,23.6,0
3386,OCHAAM,43,2,49.7,162.9,2019,27.2,Understory,6-11,Alive,57,Intermediate,10.0,"18,975.74",0.89,0.24,0.12,"2,000.00",12.05,"1,000.00","3,012.05",0.0,0.0,28.8,0
3386A,MEZZLE,43,2,51.9,163.0,2019,13.3,Understory,1-5,Alive,7,Young,1.5,288.01,0.01,0.12,0.06,300.00,5.89,150.00,455.89,0.5,0.25,18.5,0
3389,RYPAKU,43,2,45.3,168.0,2019,20.5,Understory,6-11,Alive,52,Intermediate,11.0,"8,257.41",0.39,0.18,0.09,"2,200.00",9.08,"1,100.00","3,309.08",-0.1,-0.05,24.5,0
3392,OCHAAM,43,2,40.5,171.3,2019,24.8,Understory,6-11,Alive,55,Intermediate,10.0,"13,972.55",0.66,0.22,0.11,"2,000.00",10.99,"1,000.00","3,010.99",0.0,0.0,27.4,0
3396,PTEREC,43,2,45.8,172.7,2019,25.6,Understory,6-11,Alive,55,Intermediate,4.0,"6,206.86",0.29,0.23,0.11,800.00,11.34,400.00,"1,211.34",0.1,0.05,27.8,0
3400,SANTTO,43,2,42.6,178.7,2019,42.3,Canopy,12-17,Alive,58,Intermediate,4.5,"38,471.45",1.81,0.37,0.19,900.00,18.74,450.00,"1,368.74",0.6,0.3,35.4,0
3402A,SHORP2,43,2,52.4,177.0,2019,12.8,Understory,1-5,Alive,40,Intermediate,11.5,"1,963.23",0.09,0.11,0.06,"2,300.00",5.67,"1,150.00","3,455.67",0.0,0.0,18.0,0
3403,SHORAC,43,2,57.1,178.9,2019,50.3,Canopy,18-23,Alive,53,Intermediate,8.5,"133,678.47",6.28,0.45,0.22,"1,700.00",22.29,850.00,"2,572.29",0.8,0.4,38.0,0
3405,XANTGR,43,2,54.4,174.2,2019,29.1,Understory,6-11,Alive,52,Intermediate,4.0,"9,511.72",0.45,0.26,0.13,800.00,12.89,400.00,"1,212.89",1.1,0.55,29.8,5
3407,DACRR1,43,2,54.4,172.2,2019,30.8,Canopy,12-17,Alive,59,Intermediate,22.0,"63,325.01",2.98,0.27,0.14,"4,400.00",13.65,"2,200.00","6,613.65",-0.2,-0.1,30.6,0
3408,SHORDA,43,2,56.5,171.1,2019,94.2,Emergent,>24,Alive,78,Mature,0.5,"78,248.15",3.68,0.83,0.42,100.00,41.74,50.00,191.74,1.0,0.5,46.1,0
3410,CALODI,43,2,56.7,168.5,2019,17.7,Understory,6-11,Alive,52,Intermediate,10.0,"4,690.27",0.22,0.16,0.08,"2,000.00",7.84,"1,000.00","3,007.84",-6.2,-3.1,22.4,5
3411,BACCRE,43,2,59.1,171.0,2019,18.9,Understory,6-11,Alive,52,Intermediate,5.0,"2,890.59",0.14,0.17,0.08,"1,000.00",8.37,500.00,"1,508.37",0.0,0.0,23.3,0
3413A,PIMEGR,43,2,60.0,162.8,2019,21.2,Understory,6-11,Alive,4,Young,10.5,"8,786.36",0.41,0.19,0.09,"2,100.00",9.39,"1,050.00","3,159.39",0.7,0.35,25.0,0
3415,PALAH2,44,2,69.6,163.2,2019,45.7,Canopy,18-23,Alive,55,Intermediate,1.5,"16,810.88",0.79,0.4,0.2,300.00,20.25,150.00,470.25,0.3,0.15,36.6,0
3415A,PAROVA,44,2,67.0,165.8,2019,25.5,Understory,6-11,Alive,48,Intermediate,3.5,"5,361.15",0.25,0.23,0.11,700.00,11.3,350.00,"1,061.30",0.3,0.15,27.8,6
3416C,ALANEB,44,2,70.4,163.0,2019,13.4,Understory,1-5,Alive,7,Young,4.5,884.16,0.04,0.12,0.06,900.00,5.94,450.00,"1,355.94",0.4,0.2,18.6,5
3417B,ALANEB,44,2,72.1,167.9,2019,15.6,Understory,6-11,Alive,7,Young,4.5,"1,417.23",0.07,0.14,0.07,900.00,6.91,450.00,"1,356.91",-0.1,-0.05,20.6,5
3420,SANTTO,44,2,64.1,169.9,2019,38.2,Canopy,12-17,Alive,58,Intermediate,4.5,"27,009.28",1.27,0.34,0.17,900.00,16.93,450.00,"1,366.93",-0.4,-0.2,33.9,0
3420A,PORTAN,44,2,65.0,172.0,2019,12.1,Understory,1-5,Alive,7,Young,11.5,"1,653.76",0.08,0.11,0.05,"2,300.00",5.36,"1,150.00","3,455.36",0.0,0.0,17.3,0
3425A,SHORL1,44,2,75.1,178.7,2019,17.3,Understory,6-11,Alive,7,Young,9.0,"3,926.01",0.18,0.15,0.08,"1,800.00",7.67,900.00,"2,707.67",1.4,0.7,22.1,0
3425B,SHORL1,44,2,72.7,178.5,2019,21.6,Understory,6-11,Alive,7,Young,9.0,"8,001.98",0.38,0.19,0.1,"1,800.00",9.57,900.00,"2,709.57",1.6,0.8,25.3,0
3430A,MONOMA,44,2,70.9,173.0,2019,28.1,Understory,6-11,Alive,35,Intermediate,15.0,"31,728.41",1.49,0.25,0.12,"3,000.00",12.45,"1,500.00","4,512.45",2.0,1.0,29.3,11
3431B,ALANEB,44,2,74.1,169.0,2019,11.1,Understory,1-5,Alive,7,Young,4.5,498.51,0.02,0.1,0.05,900.00,4.92,450.00,"1,354.92",-0.2,-0.1,16.3,5
3433,BARRPE,44,2,74.5,163.6,2019,20.1,Understory,6-11,Alive,52,Intermediate,3.5,"2,465.58",0.12,0.18,0.09,700.00,8.91,350.00,"1,058.91",0.0,0.0,24.2,5
3436,DACRR1,45,2,80.2,169.6,2019,20.3,Understory,6-11,Alive,54,Intermediate,22.0,"16,000.52",0.75,0.18,0.09,"4,400.00",8.99,"2,200.00","6,608.99",-0.1,-0.05,24.4,0
3436A,CYNOMA,45,2,85.4,168.3,2019,14.8,Understory,6-11,Alive,48,Intermediate,5.0,"1,336.08",0.06,0.13,0.07,"1,000.00",6.56,500.00,"1,506.56",1.2,0.6,19.9,0
3439,SARADE,45,2,87.3,177.2,2019,23.5,Understory,6-11,Alive,62,Mature,36.5,"42,726.86",2.01,0.21,0.1,"7,300.00",10.41,"3,650.00","10,960.41",0.0,0.0,26.5,15
3439A,SARADE,45,2,86.8,176.0,2019,24.1,Understory,6-11,Alive,7,Young,36.5,"46,412.74",2.18,0.21,0.11,"7,300.00",10.68,"3,650.00","10,960.68",-0.2,-0.1,26.9,15
3441,SARADE,45,2,89.6,178.1,2019,26.7,Understory,6-11,Alive,55,Intermediate,36.5,"65,115.92",3.06,0.24,0.12,"7,300.00",11.83,"3,650.00","10,961.83",0.8,0.4,28.5,15
3444,SARADE,45,2,89.2,169.1,2019,39.1,Canopy,12-17,Alive,61,Mature,36.5,"237,432.95",11.16,0.35,0.17,"7,300.00",17.33,"3,650.00","10,967.33",0.9,0.45,34.3,15
3446,SARADE,45,2,91.3,162.7,2019,44.2,Canopy,12-17,Alive,65,Mature,36.5,"363,851.69",17.1,0.39,0.2,"7,300.00",19.59,"3,650.00","10,969.59",-2.9,-1.45,36.1,15
3450,SARADE,45,2,94.0,174.6,2019,48.2,Canopy,18-23,Alive,66,Mature,36.5,"493,548.57",23.2,0.43,0.21,"7,300.00",21.36,"3,650.00","10,971.36",0.1,0.05,37.4,15
3450A,SARADE,45,2,92.2,174.5,2019,17.2,Understory,6-11,Alive,7,Young,36.5,"15,632.49",0.73,0.15,0.08,"7,300.00",7.62,"3,650.00","10,957.62",0.6,0.3,22.0,15
3451,SARADE,45,2,92.8,175.9,2019,32.5,Canopy,12-17,Alive,59,Intermediate,36.5,"126,009.29",5.92,0.29,0.14,"7,300.00",14.4,"3,650.00","10,964.40",0.0,0.0,31.5,15
3453,SARADE,45,2,95.9,177.1,2019,14.0,Understory,6-11,Alive,53,Intermediate,36.5,"8,208.94",0.39,0.12,0.06,"7,300.00",6.2,"3,650.00","10,956.20",0.2,0.1,19.2,15
3454,SARADE,45,2,95.6,178.4,2019,32.1,Canopy,12-17,Alive,59,Intermediate,36.5,"120,826.62",5.68,0.28,0.14,"7,300.00",14.22,"3,650.00","10,964.22",-2.6,-1.3,31.3,15
3460,BARRPE,46,2,81.7,190.3,2019,53.4,Canopy,18-23,Alive,63,Mature,3.5,"68,106.73",3.2,0.47,0.24,700.00,23.66,350.00,"1,073.66",0.4,0.2,38.8,5
3460B,RYPAKU,46,2,82.6,186.4,2019,20.0,Understory,6-11,Alive,7,Young,11.0,"7,625.48",0.36,0.18,0.09,"2,200.00",8.86,"1,100.00","3,308.86",3.7,1.85,24.2,0
3460C,XYLOCA,46,2,83.4,185.1,2019,23.9,Understory,6-11,Alive,7,Young,0.5,618.62,0.03,0.21,0.11,100.00,10.59,50.00,160.59,1.1,0.55,26.8,6
3465,MYRIM2,46,2,87.6,194.6,2019,61.8,Emergent,>24,Alive,69,Mature,0.5,"16,456.47",0.77,0.55,0.27,100.00,27.38,50.00,177.38,0.3,0.15,40.8,0
3465A,LEPISE,46,2,88.0,194.4,2019,13.1,Understory,1-5,Alive,7,Young,5.5,"1,008.02",0.05,0.12,0.06,"1,100.00",5.8,550.00,"1,655.80",-0.1,-0.05,18.3,0
3470,SARADE,46,2,89.9,191.9,2019,33.6,Canopy,12-17,Alive,59,Intermediate,36.5,"141,106.19",6.63,0.3,0.15,"7,300.00",14.89,"3,650.00","10,964.89",1.1,0.55,32.0,15
3473,SARADE,46,2,87.8,184.7,2019,19.1,Understory,6-11,Alive,54,Intermediate,36.5,"21,824.56",1.03,0.17,0.08,"7,300.00",8.46,"3,650.00","10,958.46",-0.1,-0.05,23.5,15
3474,SARADE,46,2,88.5,184.6,2019,50.1,Canopy,18-23,Alive,64,Mature,36.5,"565,971.36",26.6,0.44,0.22,"7,300.00",22.2,"3,650.00","10,972.20",1.1,0.55,37.9,15
3477,SARADE,46,2,94.9,196.7,2019,18.5,Understory,6-11,Alive,55,Intermediate,36.5,"19,706.99",0.93,0.16,0.08,"7,300.00",8.2,"3,650.00","10,958.20",1.2,0.6,23.0,15
3478,SARADE,46,2,95.5,198.2,2019,36.3,Canopy,12-17,Alive,56,Intermediate,36.5,"183,790.78",8.64,0.32,0.16,"7,300.00",16.08,"3,650.00","10,966.08",0.1,0.05,33.1,15
3480,SARADE,46,2,98.8,199.3,2019,12.4,Understory,1-5,Alive,40,Intermediate,36.5,"5,655.22",0.27,0.11,0.05,"7,300.00",5.49,"3,650.00","10,955.49",0.2,0.1,17.6,15
3482,SARADE,46,2,91.6,199.5,2019,21.5,Understory,6-11,Alive,56,Intermediate,36.5,"31,967.23",1.5,0.19,0.1,"7,300.00",9.53,"3,650.00","10,959.53",-0.4,-0.2,25.2,15
3483,SARADE,46,2,91.9,180.0,2019,28.1,Understory,6-11,Alive,57,Intermediate,36.5,"77,205.79",3.63,0.25,0.12,"7,300.00",12.45,"3,650.00","10,962.45",0.1,0.05,29.3,15
3485,SARADE,46,2,95.2,188.4,2019,21.4,Understory,6-11,Alive,53,Intermediate,36.5,"31,487.27",1.48,0.19,0.09,"7,300.00",9.48,"3,650.00","10,959.48",-0.2,-0.1,25.2,15
3486,SARADE,46,2,90.3,185.7,2019,22.4,Understory,6-11,Alive,53,Intermediate,36.5,"36,529.27",1.72,0.2,0.1,"7,300.00",9.93,"3,650.00","10,959.93",0.6,0.3,25.8,15
3488,SARADE,46,2,99.5,185.9,2019,33.3,Canopy,12-17,Alive,56,Intermediate,36.5,"136,863.53",6.43,0.3,0.15,"7,300.00",14.76,"3,650.00","10,964.76",1.3,0.65,31.8,15
3491,SARADE,46,2,99.6,181.2,2019,25.4,Understory,6-11,Alive,56,Intermediate,36.5,"55,187.51",2.59,0.23,0.11,"7,300.00",11.25,"3,650.00","10,961.25",0.3,0.15,27.7,15
3497A,XYLOM2,47,2,64.6,182.4,2019,13.2,Understory,1-5,Alive,7,Young,3.0,562.81,0.03,0.12,0.06,600.00,5.85,300.00,905.85,0.1,0.05,18.4,0
3499A,DIALPL,47,2,62.6,189.0,2019,27.3,Understory,6-11,Alive,35,Intermediate,1.0,"1,920.91",0.09,0.24,0.12,200.00,12.1,100.00,312.10,2.2,1.1,28.8,0
3503A,SHORL1,47,2,69.2,196.3,2019,18.5,Understory,6-11,Alive,7,Young,9.0,"4,859.26",0.23,0.16,0.08,"1,800.00",8.2,900.00,"2,708.20",1.3,0.65,23.0,0
3504,ANI1LA,47,2,62.2,196.0,2019,13.1,Understory,1-5,Alive,48,Intermediate,5.5,"1,008.02",0.05,0.12,0.06,"1,100.00",5.8,550.00,"1,655.80",0.1,0.05,18.3,0
3504A,ADENBI,47,2,63.7,194.5,2019,33.7,Canopy,12-17,Alive,7,Young,1.5,"5,857.88",0.28,0.3,0.15,300.00,14.93,150.00,464.93,0.2,0.1,32.0,5
3504B,GREWFI,47,2,66.5,197.2,2019,11.9,Understory,1-5,Alive,7,Young,0.5,68.35,0.0,0.11,0.05,100.00,5.27,50.00,155.27,0.4,0.2,17.1,5
3506A,SHORM1,47,2,62.0,198.5,2019,23.6,Understory,6-11,Alive,7,Young,21.0,"24,927.18",1.17,0.21,0.1,"4,200.00",10.46,"2,100.00","6,310.46",0.4,0.2,26.6,10
3512,SHORL1,47,2,79.3,194.6,2019,64.2,Emergent,>24,Alive,60,Mature,9.0,"340,156.71",15.99,0.57,0.28,"1,800.00",28.45,900.00,"2,728.45",0.5,0.25,41.4,0
3516,PTYCCO,47,2,77.4,188.2,2019,16.8,Understory,6-11,Alive,52,Intermediate,7.0,"2,783.06",0.13,0.15,0.07,"1,400.00",7.44,700.00,"2,107.44",-0.2,-0.1,21.7,0
3516A,IXONIC,47,2,79.2,184.5,2019,32.7,Canopy,12-17,Alive,48,Intermediate,10.5,"37,012.10",1.74,0.29,0.14,"2,100.00",14.49,"1,050.00","3,164.49",2.2,1.1,31.6,0
3518B,ARTOSC,47,2,68.4,190.3,2019,21.0,Understory,6-11,Alive,7,Young,2.5,"2,028.74",0.1,0.19,0.09,500.00,9.31,250.00,759.31,-0.1,-0.05,24.9,0
3521A,CROTAR,47,2,73.8,182.8,2019,16.0,Understory,6-11,Alive,7,Young,8.0,"2,727.69",0.13,0.14,0.07,"1,600.00",7.09,800.00,"2,407.09",0.8,0.4,21.0,0
3521B,SAR1GR,47,2,71.1,182.2,2019,24.9,Understory,6-11,Alive,7,Young,5.0,"7,079.60",0.33,0.22,0.11,"1,000.00",11.03,500.00,"1,511.03",0.4,0.2,27.4,9
3495A,SHORM1,48,2,55.3,182.2,2019,21.9,Understory,6-11,Alive,35,Intermediate,21.0,"19,527.30",0.92,0.19,0.1,"4,200.00",9.7,"2,100.00","6,309.70",0.3,0.15,25.5,10
3522,SCA2MA,48,2,41.7,181.2,2019,49.2,Canopy,18-23,Alive,62,Mature,4.0,"58,163.64",2.73,0.44,0.22,800.00,21.8,400.00,"1,221.80",1.1,0.55,37.7,0
3525,DRYPLO,48,2,49.2,184.0,2019,20.9,Understory,6-11,Alive,53,Intermediate,8.5,"6,791.97",0.32,0.19,0.09,"1,700.00",9.26,850.00,"2,559.26",0.1,0.05,24.8,0
3528,ALANRI,48,2,45.7,189.7,2019,27.5,Understory,6-11,Alive,57,Intermediate,8.0,"15,745.66",0.74,0.24,0.12,"1,600.00",12.19,800.00,"2,412.19",0.3,0.15,28.9,9
3529A,SHORP1,48,2,43.7,194.9,2019,35.0,Canopy,12-17,Alive,40,Intermediate,12.0,"53,326.02",2.51,0.31,0.16,"2,400.00",15.51,"1,200.00","3,615.51",1.6,0.8,32.6,0
3531,PIMEGR,48,2,50.5,193.5,2019,24.2,Understory,6-11,Alive,53,Intermediate,10.5,"13,534.60",0.64,0.21,0.11,"2,100.00",10.72,"1,050.00","3,160.72",0.2,0.1,27.0,0
3532,CYNOMA,48,2,49.7,199.3,2019,20.0,Understory,6-11,Alive,52,Intermediate,5.0,"3,466.13",0.16,0.18,0.09,"1,000.00",8.86,500.00,"1,508.86",0.1,0.05,24.2,0
3533A,EUGES2,48,2,54.8,199.6,2019,16.2,Understory,6-11,Alive,48,Intermediate,1.0,354.53,0.02,0.14,0.07,200.00,7.18,100.00,307.18,0.0,0.0,21.2,0
3534,MANGFO,48,2,57.5,191.5,2019,82.4,Emergent,>24,Alive,68,Mature,0.5,"47,368.16",2.23,0.73,0.37,100.00,36.51,50.00,186.51,0.5,0.25,44.5,0
3534A,PIMEGR,48,2,55.8,190.2,2019,21.6,Understory,6-11,Alive,35,Intermediate,10.5,"9,335.64",0.44,0.19,0.1,"2,100.00",9.57,"1,050.00","3,159.57",-0.1,-0.05,25.3,0
3535,DACRCO,48,2,52.3,189.9,2019,38.3,Canopy,12-17,Alive,61,Mature,2.0,"12,112.95",0.57,0.34,0.17,400.00,16.97,200.00,616.97,0.1,0.05,34.0,5
3536,LITHRA,48,2,58.1,184.4,2019,33.0,Canopy,12-17,Alive,65,Mature,1.5,"5,454.07",0.26,0.29,0.15,300.00,14.62,150.00,464.62,1.5,0.75,31.7,0
3540,PTEREC,49,2,25.3,181.1,2019,25.8,Understory,6-11,Alive,52,Intermediate,4.0,"6,368.79",0.3,0.23,0.11,800.00,11.43,400.00,"1,211.43",-0.2,-0.1,28.0,0
3544,MONOMA,49,2,25.7,188.9,2019,32.2,Canopy,12-17,Alive,48,Intermediate,15.0,"50,181.08",2.36,0.29,0.14,"3,000.00",14.27,"1,500.00","4,514.27",0.1,0.05,31.3,11
3544B,CALODI,49,2,22.9,190.4,2019,17.7,Understory,6-11,Alive,7,Young,10.0,"4,690.27",0.22,0.16,0.08,"2,000.00",7.84,"1,000.00","3,007.84",1.0,0.5,22.4,5
3546,MONOMA,49,2,32.1,194.7,2019,46.3,Canopy,18-23,Alive,54,Intermediate,15.0,"176,002.32",8.27,0.41,0.21,"3,000.00",20.52,"1,500.00","4,520.52",1.1,0.55,36.8,11
3546A,PORTAN,49,2,31.9,191.0,2019,15.7,Understory,6-11,Alive,35,Intermediate,11.5,"3,695.04",0.17,0.14,0.07,"2,300.00",6.96,"1,150.00","3,456.96",-0.1,-0.05,20.7,0
3546B,VATIBE,49,2,32.5,196.7,2019,15.3,Understory,6-11,Alive,16,Young,5.5,"1,630.11",0.08,0.14,0.07,"1,100.00",6.78,550.00,"1,656.78",0.0,0.0,20.4,4
3547B,SHORP1,49,2,36.3,194.4,2019,45.0,Canopy,18-23,Alive,35,Intermediate,12.0,"127,388.94",5.99,0.4,0.2,"2,400.00",19.94,"1,200.00","3,619.94",2.7,1.35,36.4,0
3551A,SHORP1,49,2,39.0,187.2,2019,48.8,Canopy,18-23,Alive,40,Intermediate,12.0,"169,519.96",7.97,0.43,0.22,"2,400.00",21.62,"1,200.00","3,621.62",1.3,0.65,37.5,0
3552A,MONOMA,49,2,35.6,182.6,2019,33.3,Canopy,12-17,Alive,35,Intermediate,15.0,"56,245.29",2.64,0.3,0.15,"3,000.00",14.76,"1,500.00","4,514.76",0.5,0.25,31.8,11
3554B,GARCBA,50,2,2.7,186.2,2019,34.9,Canopy,12-17,Alive,35,Intermediate,0.5,"2,200.28",0.1,0.31,0.15,100.00,15.46,50.00,165.46,2.0,1.0,32.6,0
3555A,CALODI,50,2,5.4,191.2,2019,22.8,Understory,6-11,Alive,35,Intermediate,10.0,"10,603.15",0.5,0.2,0.1,"2,000.00",10.1,"1,000.00","3,010.10",0.3,0.15,26.1,5
3555B,CROTLA,50,2,5.8,192.4,2019,21.0,Understory,6-11,Alive,35,Intermediate,11.0,"8,926.45",0.42,0.19,0.09,"2,200.00",9.31,"1,100.00","3,309.31",0.5,0.25,24.9,5
3556A,GREWBL,50,2,1.7,191.1,2019,12.2,Understory,1-5,Alive,7,Young,2.5,368.63,0.02,0.11,0.05,500.00,5.41,250.00,755.41,0.5,0.25,17.4,13
3561B,ANI1LA,50,2,17.8,182.6,2019,26.4,Understory,6-11,Alive,40,Intermediate,5.5,"9,450.58",0.44,0.23,0.12,"1,100.00",11.7,550.00,"1,661.70",0.0,0.0,28.3,0
3561C,OCHAAM,50,2,19.5,184.7,2019,20.6,Understory,6-11,Alive,35,Intermediate,10.0,"7,625.65",0.36,0.18,0.09,"2,000.00",9.13,"1,000.00","3,009.13",0.5,0.25,24.6,0
3561D,SHORL1,50,2,12.6,186.7,2019,30.8,Canopy,12-17,Alive,7,Young,9.0,"25,905.69",1.22,0.27,0.14,"1,800.00",13.65,900.00,"2,713.65",3.6,1.8,30.6,0
3564,MESURA,50,2,19.2,191.3,2019,27.6,Understory,6-11,Alive,52,Intermediate,8.0,"15,937.39",0.75,0.24,0.12,"1,600.00",12.23,800.00,"2,412.23",0.6,0.3,29.0,0
3566,OCHAAM,50,2,16.6,198.1,2019,32.7,Canopy,12-17,Alive,58,Intermediate,10.0,"35,249.62",1.66,0.29,0.14,"2,000.00",14.49,"1,000.00","3,014.49",0.2,0.1,31.6,0
3567,KNEMSC,50,2,19.9,197.1,2019,23.6,Understory,6-11,Alive,53,Intermediate,7.5,"8,902.56",0.42,0.21,0.1,"1,500.00",10.46,750.00,"2,260.46",0.6,0.3,26.6,0
